run_started_utc,run_completed_utc,completed,heartbeat_state,connector_available,data_fetch_success,scan_executed,signal_found,signals_processed,telegram_sent,google_sheet_written,csv_written,duplicate_skipped,connector_failure_category,binance_testnet_key_present,binance_testnet_secret_present,errors_json
2026-05-11T00:24:11Z,2026-05-11T00:24:11Z,Yes,connector_unavailable,No,No,No,No,0,0,0,0,0,missing_or_unavailable_connector,,,"[""binance connector unavailable; no scan executed""]"
2026-05-11T01:25:08Z,2026-05-11T01:25:08Z,Yes,connector_unavailable,No,No,No,No,0,0,0,0,0,missing_or_unavailable_connector,,,"[""binance connector unavailable; no scan executed""]"
2026-05-11T05:39:43Z,2026-05-11T05:39:43Z,Yes,connector_unavailable,No,No,No,No,0,0,0,0,0,missing_or_unavailable_connector,,,"[""binance connector unavailable; no scan executed""]"
2026-05-11T08:49:33Z,2026-05-11T08:49:33Z,Yes,connector_unavailable,No,No,No,No,0,0,0,0,0,missing_or_unavailable_connector,,,"[""binance connector unavailable; no scan executed""]"
2026-05-11T11:50:43Z,2026-05-11T11:50:43Z,Yes,connector_unavailable,No,No,No,No,0,0,0,0,0,missing_or_unavailable_connector,,,"[""binance connector unavailable; no scan executed""]"
2026-05-11T14:12:11Z,2026-05-11T14:12:11Z,Yes,connector_unavailable,No,No,No,No,0,0,0,0,0,missing_or_unavailable_connector,,,"[""binance connector unavailable; no scan executed""]"
2026-05-11T16:49:12Z,2026-05-11T16:49:12Z,Yes,connector_unavailable,No,No,No,No,0,0,0,0,0,missing_or_unavailable_connector,,,"[""binance connector unavailable; no scan executed""]"
2026-05-11T18:28:24Z,2026-05-11T18:28:24Z,Yes,connector_unavailable,No,No,No,No,0,0,0,0,0,missing_or_unavailable_connector,,,"[""binance connector unavailable; no scan executed""]"
2026-05-11T20:20:23Z,2026-05-11T20:20:23Z,Yes,connector_unavailable,No,No,No,No,0,0,0,0,0,missing_or_unavailable_connector,,,"[""binance connector unavailable; no scan executed""]"
2026-05-11T21:45:01Z,2026-05-11T21:45:01Z,Yes,connector_unavailable,No,No,No,No,0,0,0,0,0,missing_or_unavailable_connector,,,"[""binance connector unavailable; no scan executed""]"
2026-05-11T22:41:05Z,2026-05-11T22:41:05Z,Yes,connector_unavailable,No,No,No,No,0,0,0,0,0,missing_or_unavailable_connector,,,"[""binance connector unavailable; no scan executed""]"
2026-05-11T23:42:25Z,2026-05-11T23:42:25Z,Yes,connector_unavailable,No,No,No,No,0,0,0,0,0,missing_or_unavailable_connector,,,"[""binance connector unavailable; no scan executed""]"
2026-05-12T01:25:51Z,2026-05-12T01:25:51Z,Yes,connector_unavailable,No,No,No,No,0,0,0,0,0,missing_or_unavailable_connector,,,"[""binance connector unavailable; no scan executed""]"
2026-05-12T05:08:10Z,2026-05-12T05:08:10Z,Yes,connector_unavailable,No,No,No,No,0,0,0,0,0,missing_or_unavailable_connector,,,"[""binance connector unavailable; no scan executed""]"
2026-05-12T08:06:03Z,2026-05-12T08:06:03Z,Yes,connector_unavailable,No,No,No,No,0,0,0,0,0,missing_or_unavailable_connector,,,"[""binance connector unavailable; no scan executed""]"
2026-05-12T10:40:20Z,2026-05-12T10:40:20Z,Yes,connector_unavailable,No,No,No,No,0,0,0,0,0,missing_or_unavailable_connector,,,"[""binance connector unavailable; no scan executed""]"
2026-05-12T12:30:31Z,2026-05-12T12:30:31Z,Yes,connector_unavailable,No,No,No,No,0,0,0,0,0,missing_or_unavailable_connector,,,"[""binance connector unavailable; no scan executed""]"
2026-05-12T15:25:33Z,2026-05-12T15:25:33Z,Yes,connector_unavailable,No,No,No,No,0,0,0,0,0,missing_or_unavailable_connector,,,"[""binance connector unavailable; no scan executed""]"
2026-05-12T17:35:53Z,2026-05-12T17:35:53Z,Yes,connector_unavailable,No,No,No,No,0,0,0,0,0,missing_or_unavailable_connector,,,"[""binance connector unavailable; no scan executed""]"
2026-05-12T19:20:32Z,2026-05-12T19:20:32Z,Yes,connector_unavailable,No,No,No,No,0,0,0,0,0,missing_or_unavailable_connector,,,"[""binance connector unavailable; no scan executed""]"
2026-05-12T20:53:29Z,2026-05-12T20:53:29Z,Yes,connector_unavailable,No,No,No,No,0,0,0,0,0,missing_or_unavailable_connector,,,"[""binance connector unavailable; no scan executed""]"
2026-05-12T22:19:14Z,2026-05-12T22:19:14Z,Yes,connector_unavailable,No,No,No,No,0,0,0,0,0,missing_or_unavailable_connector,,,"[""binance connector unavailable; no scan executed""]"
2026-05-12T23:31:44Z,2026-05-12T23:31:44Z,Yes,connector_unavailable,No,No,No,No,0,0,0,0,0,missing_or_unavailable_connector,,,"[""binance connector unavailable; no scan executed""]"
2026-05-13T01:25:20Z,2026-05-13T01:25:20Z,Yes,connector_unavailable,No,No,No,No,0,0,0,0,0,missing_or_unavailable_connector,,,"[""binance connector unavailable; no scan executed""]"
2026-05-13T05:30:23Z,2026-05-13T05:30:23Z,Yes,connector_unavailable,No,No,No,No,0,0,0,0,0,missing_or_unavailable_connector,,,"[""binance connector unavailable; no scan executed""]"
2026-05-13T07:07:56Z,2026-05-13T07:07:56Z,Yes,connector_unavailable,No,No,No,No,0,0,0,0,0,missing_binance_testnet_secret,No,No,"[""binance connector unavailable; no scan executed; BINANCE_TESTNET_KEY_present=False; BINANCE_TESTNET_SECRET_present=False""]"
2026-05-13T07:32:22Z,2026-05-13T07:32:24Z,Yes,valid_no_signal,Yes,Yes,Yes,No,0,0,0,0,0,,Yes,Yes,[]
2026-05-13T08:19:47Z,2026-05-13T08:19:50Z,Yes,valid_no_signal,Yes,Yes,Yes,No,0,0,0,0,0,,Yes,Yes,[]
2026-05-13T10:46:23Z,2026-05-13T10:46:25Z,Yes,valid_no_signal,Yes,Yes,Yes,No,0,0,0,0,0,,Yes,Yes,[]
2026-05-13T12:34:28Z,2026-05-13T12:34:31Z,Yes,valid_no_signal,Yes,Yes,Yes,No,0,0,0,0,0,,Yes,Yes,[]
2026-05-13T15:31:13Z,2026-05-13T15:31:15Z,Yes,valid_no_signal,Yes,Yes,Yes,No,0,0,0,0,0,,Yes,Yes,[]
2026-05-13T17:36:31Z,2026-05-13T17:36:33Z,Yes,valid_no_signal,Yes,Yes,Yes,No,0,0,0,0,0,,Yes,Yes,[]
2026-05-13T19:22:31Z,2026-05-13T19:22:33Z,Yes,valid_no_signal,Yes,Yes,Yes,No,0,0,0,0,0,,Yes,Yes,[]
2026-05-13T21:09:43Z,2026-05-13T21:09:46Z,Yes,valid_no_signal,Yes,Yes,Yes,No,0,0,0,0,0,,Yes,Yes,[]
2026-05-13T22:40:03Z,2026-05-13T22:40:05Z,Yes,valid_no_signal,Yes,Yes,Yes,No,0,0,0,0,0,,Yes,Yes,[]
2026-05-13T23:43:49Z,2026-05-13T23:43:51Z,Yes,valid_no_signal,Yes,Yes,Yes,No,0,0,0,0,0,,Yes,Yes,[]
2026-05-14T01:34:17Z,2026-05-14T01:34:19Z,Yes,valid_no_signal,Yes,Yes,Yes,No,0,0,0,0,0,,Yes,Yes,[]
2026-05-14T05:29:27Z,2026-05-14T05:29:29Z,Yes,valid_no_signal,Yes,Yes,Yes,No,0,0,0,0,0,,Yes,Yes,[]
2026-05-14T08:10:33Z,2026-05-14T08:10:36Z,Yes,valid_no_signal,Yes,Yes,Yes,No,0,0,0,0,0,,Yes,Yes,[]
2026-05-14T10:36:31Z,2026-05-14T10:36:33Z,Yes,valid_no_signal,Yes,Yes,Yes,No,0,0,0,0,0,,Yes,Yes,[]
2026-05-14T12:14:31Z,2026-05-14T12:14:34Z,Yes,valid_no_signal,Yes,Yes,Yes,No,0,0,0,0,0,,Yes,Yes,[]
2026-05-14T14:45:09Z,2026-05-14T14:45:12Z,Yes,valid_no_signal,Yes,Yes,Yes,No,0,0,0,0,0,,Yes,Yes,[]
2026-05-14T16:51:53Z,2026-05-14T16:51:55Z,Yes,valid_no_signal,Yes,Yes,Yes,No,0,0,0,0,0,,Yes,Yes,[]
2026-05-14T18:25:57Z,2026-05-14T18:25:59Z,Yes,valid_no_signal,Yes,Yes,Yes,No,0,0,0,0,0,,Yes,Yes,[]
2026-05-14T20:16:57Z,2026-05-14T20:16:59Z,Yes,valid_no_signal,Yes,Yes,Yes,No,0,0,0,0,0,,Yes,Yes,[]
2026-05-14T21:38:03Z,2026-05-14T21:38:06Z,Yes,valid_no_signal,Yes,Yes,Yes,No,0,0,0,0,0,,Yes,Yes,[]
2026-05-14T22:43:14Z,2026-05-14T22:43:17Z,Yes,valid_no_signal,Yes,Yes,Yes,No,0,0,0,0,0,,Yes,Yes,[]
2026-05-14T23:40:35Z,2026-05-14T23:40:38Z,Yes,valid_no_signal,Yes,Yes,Yes,No,0,0,0,0,0,,Yes,Yes,[]
2026-05-15T01:32:18Z,2026-05-15T01:32:21Z,Yes,valid_no_signal,Yes,Yes,Yes,No,0,0,0,0,0,,Yes,Yes,[]
2026-05-15T05:34:57Z,2026-05-15T05:34:59Z,Yes,valid_no_signal,Yes,Yes,Yes,No,0,0,0,0,0,,Yes,Yes,[]
2026-05-15T08:23:56Z,2026-05-15T08:23:59Z,Yes,valid_no_signal,Yes,Yes,Yes,No,0,0,0,0,0,,Yes,Yes,[]
2026-05-15T11:00:31Z,2026-05-15T11:00:33Z,Yes,valid_no_signal,Yes,Yes,Yes,No,0,0,0,0,0,,Yes,Yes,[]
2026-05-15T13:00:21Z,2026-05-15T13:00:24Z,Yes,valid_no_signal,Yes,Yes,Yes,No,0,0,0,0,0,,Yes,Yes,[]
2026-05-15T15:23:05Z,2026-05-15T15:23:07Z,Yes,valid_no_signal,Yes,Yes,Yes,No,0,0,0,0,0,,Yes,Yes,[]
2026-05-15T17:11:51Z,2026-05-15T17:11:53Z,Yes,valid_no_signal,Yes,Yes,Yes,No,0,0,0,0,0,,Yes,Yes,[]
2026-05-15T18:57:17Z,2026-05-15T18:57:19Z,Yes,valid_no_signal,Yes,Yes,Yes,No,0,0,0,0,0,,Yes,Yes,[]
2026-05-15T20:20:07Z,2026-05-15T20:20:09Z,Yes,valid_no_signal,Yes,Yes,Yes,No,0,0,0,0,0,,Yes,Yes,[]
2026-05-15T21:30:28Z,2026-05-15T21:30:30Z,Yes,valid_no_signal,Yes,Yes,Yes,No,0,0,0,0,0,,Yes,Yes,[]
2026-05-15T22:31:55Z,2026-05-15T22:31:57Z,Yes,valid_no_signal,Yes,Yes,Yes,No,0,0,0,0,0,,Yes,Yes,[]
2026-05-15T23:30:43Z,2026-05-15T23:30:45Z,Yes,valid_no_signal,Yes,Yes,Yes,No,0,0,0,0,0,,Yes,Yes,[]
2026-05-16T01:18:13Z,2026-05-16T01:18:16Z,Yes,valid_no_signal,Yes,Yes,Yes,No,0,0,0,0,0,,Yes,Yes,[]
2026-05-16T04:41:24Z,2026-05-16T04:41:27Z,Yes,valid_no_signal,Yes,Yes,Yes,No,0,0,0,0,0,,Yes,Yes,[]
2026-05-16T07:07:41Z,2026-05-16T07:07:43Z,Yes,valid_no_signal,Yes,Yes,Yes,No,0,0,0,0,0,,Yes,Yes,[]
2026-05-16T09:03:16Z,2026-05-16T09:03:18Z,Yes,valid_no_signal,Yes,Yes,Yes,No,0,0,0,0,0,,Yes,Yes,[]
2026-05-16T10:23:41Z,2026-05-16T10:23:44Z,Yes,valid_no_signal,Yes,Yes,Yes,No,0,0,0,0,0,,Yes,Yes,[]
2026-05-16T11:32:31Z,2026-05-16T11:32:34Z,Yes,valid_no_signal,Yes,Yes,Yes,No,0,0,0,0,0,,Yes,Yes,[]
2026-05-16T12:41:02Z,2026-05-16T12:41:05Z,Yes,valid_no_signal,Yes,Yes,Yes,No,0,0,0,0,0,,Yes,Yes,[]
2026-05-16T14:11:41Z,2026-05-16T14:11:43Z,Yes,valid_no_signal,Yes,Yes,Yes,No,0,0,0,0,0,,Yes,Yes,[]
2026-05-16T15:18:26Z,2026-05-16T15:18:28Z,Yes,valid_no_signal,Yes,Yes,Yes,No,0,0,0,0,0,,Yes,Yes,[]
2026-05-16T16:12:53Z,2026-05-16T16:12:55Z,Yes,valid_no_signal,Yes,Yes,Yes,No,0,0,0,0,0,,Yes,Yes,[]
2026-05-16T17:17:12Z,2026-05-16T17:17:14Z,Yes,valid_no_signal,Yes,Yes,Yes,No,0,0,0,0,0,,Yes,Yes,[]
2026-05-16T18:08:09Z,2026-05-16T18:08:12Z,Yes,valid_no_signal,Yes,Yes,Yes,No,0,0,0,0,0,,Yes,Yes,[]
2026-05-16T19:35:27Z,2026-05-16T19:35:29Z,Yes,valid_no_signal,Yes,Yes,Yes,No,0,0,0,0,0,,Yes,Yes,[]
2026-05-16T20:24:23Z,2026-05-16T20:24:27Z,Yes,valid_no_signal,Yes,Yes,Yes,No,0,0,0,0,0,,Yes,Yes,[]
2026-05-16T21:27:25Z,2026-05-16T21:27:27Z,Yes,valid_no_signal,Yes,Yes,Yes,No,0,0,0,0,0,,Yes,Yes,[]
2026-05-16T22:25:14Z,2026-05-16T22:25:17Z,Yes,valid_no_signal,Yes,Yes,Yes,No,0,0,0,0,0,,Yes,Yes,[]
2026-05-16T23:31:10Z,2026-05-16T23:31:12Z,Yes,valid_no_signal,Yes,Yes,Yes,No,0,0,0,0,0,,Yes,Yes,[]
2026-05-17T01:25:46Z,2026-05-17T01:25:48Z,Yes,valid_no_signal,Yes,Yes,Yes,No,0,0,0,0,0,,Yes,Yes,[]
2026-05-17T05:30:31Z,2026-05-17T05:30:34Z,Yes,valid_no_signal,Yes,Yes,Yes,No,0,0,0,0,0,,Yes,Yes,[]
2026-05-17T07:57:16Z,2026-05-17T07:57:18Z,Yes,valid_no_signal,Yes,Yes,Yes,No,0,0,0,0,0,,Yes,Yes,[]
2026-05-17T09:55:45Z,2026-05-17T09:55:48Z,Yes,valid_no_signal,Yes,Yes,Yes,No,0,0,0,0,0,,Yes,Yes,[]
2026-05-17T11:18:04Z,2026-05-17T11:18:06Z,Yes,valid_no_signal,Yes,Yes,Yes,No,0,0,0,0,0,,Yes,Yes,[]
2026-05-17T12:07:48Z,2026-05-17T12:07:51Z,Yes,valid_no_signal,Yes,Yes,Yes,No,0,0,0,0,0,,Yes,Yes,[]
2026-05-17T13:59:45Z,2026-05-17T13:59:48Z,Yes,valid_no_signal,Yes,Yes,Yes,No,0,0,0,0,0,,Yes,Yes,[]
2026-05-17T15:05:46Z,2026-05-17T15:05:48Z,Yes,valid_no_signal,Yes,Yes,Yes,No,0,0,0,0,0,,Yes,Yes,[]
2026-05-17T16:06:51Z,2026-05-17T16:06:53Z,Yes,valid_no_signal,Yes,Yes,Yes,No,0,0,0,0,0,,Yes,Yes,[]
2026-05-17T17:10:43Z,2026-05-17T17:10:45Z,Yes,valid_no_signal,Yes,Yes,Yes,No,0,0,0,0,0,,Yes,Yes,[]
2026-05-17T18:12:09Z,2026-05-17T18:12:11Z,Yes,valid_no_signal,Yes,Yes,Yes,No,0,0,0,0,0,,Yes,Yes,[]
2026-05-17T19:39:05Z,2026-05-17T19:39:07Z,Yes,valid_no_signal,Yes,Yes,Yes,No,0,0,0,0,0,,Yes,Yes,[]
2026-05-17T20:34:38Z,2026-05-17T20:34:40Z,Yes,valid_no_signal,Yes,Yes,Yes,No,0,0,0,0,0,,Yes,Yes,[]
2026-05-17T21:30:37Z,2026-05-17T21:30:39Z,Yes,valid_no_signal,Yes,Yes,Yes,No,0,0,0,0,0,,Yes,Yes,[]
2026-05-17T22:28:27Z,2026-05-17T22:28:30Z,Yes,valid_no_signal,Yes,Yes,Yes,No,0,0,0,0,0,,Yes,Yes,[]
2026-05-17T23:32:45Z,2026-05-17T23:32:48Z,Yes,valid_no_signal,Yes,Yes,Yes,No,0,0,0,0,0,,Yes,Yes,[]
2026-05-18T01:30:09Z,2026-05-18T01:30:11Z,Yes,valid_no_signal,Yes,Yes,Yes,No,0,0,0,0,0,,Yes,Yes,[]
2026-05-18T05:49:40Z,2026-05-18T05:49:43Z,Yes,valid_no_signal,Yes,Yes,Yes,No,0,0,0,0,0,,Yes,Yes,[]
2026-05-18T09:01:05Z,2026-05-18T09:01:07Z,Yes,valid_no_signal,Yes,Yes,Yes,No,0,0,0,0,0,,Yes,Yes,[]
2026-05-18T12:42:16Z,2026-05-18T12:42:19Z,Yes,valid_no_signal,Yes,Yes,Yes,No,0,0,0,0,0,,Yes,Yes,[]
2026-05-18T16:14:53Z,2026-05-18T16:14:56Z,Yes,valid_no_signal,Yes,Yes,Yes,No,0,0,0,0,0,,Yes,Yes,[]
2026-05-18T18:13:11Z,2026-05-18T18:13:14Z,Yes,valid_no_signal,Yes,Yes,Yes,No,0,0,0,0,0,,Yes,Yes,[]
2026-05-18T20:03:41Z,2026-05-18T20:03:43Z,Yes,valid_no_signal,Yes,Yes,Yes,No,0,0,0,0,0,,Yes,Yes,[]
2026-05-18T21:21:14Z,2026-05-18T21:21:17Z,Yes,valid_no_signal,Yes,Yes,Yes,No,0,0,0,0,0,,Yes,Yes,[]
2026-05-18T22:16:44Z,2026-05-18T22:16:46Z,Yes,valid_no_signal,Yes,Yes,Yes,No,0,0,0,0,0,,Yes,Yes,[]
2026-05-18T23:31:50Z,2026-05-18T23:31:52Z,Yes,valid_no_signal,Yes,Yes,Yes,No,0,0,0,0,0,,Yes,Yes,[]
2026-05-19T01:31:58Z,2026-05-19T01:32:01Z,Yes,valid_no_signal,Yes,Yes,Yes,No,0,0,0,0,0,,Yes,Yes,[]
2026-05-19T05:44:23Z,2026-05-19T05:44:25Z,Yes,valid_no_signal,Yes,Yes,Yes,No,0,0,0,0,0,,Yes,Yes,[]
2026-05-19T08:49:02Z,2026-05-19T08:49:05Z,Yes,valid_no_signal,Yes,Yes,Yes,No,0,0,0,0,0,,Yes,Yes,[]
2026-05-19T11:47:13Z,2026-05-19T11:47:16Z,Yes,valid_no_signal,Yes,Yes,Yes,No,0,0,0,0,0,,Yes,Yes,[]
2026-05-19T14:18:17Z,2026-05-19T14:18:20Z,Yes,valid_no_signal,Yes,Yes,Yes,No,0,0,0,0,0,,Yes,Yes,[]
2026-05-19T17:17:52Z,2026-05-19T17:17:55Z,Yes,valid_no_signal,Yes,Yes,Yes,No,0,0,0,0,0,,Yes,Yes,[]
2026-05-19T19:19:41Z,2026-05-19T19:19:44Z,Yes,valid_no_signal,Yes,Yes,Yes,No,0,0,0,0,0,,Yes,Yes,[]
2026-05-19T20:53:44Z,2026-05-19T20:53:47Z,Yes,valid_no_signal,Yes,Yes,Yes,No,0,0,0,0,0,,Yes,Yes,[]
2026-05-19T22:21:25Z,2026-05-19T22:21:28Z,Yes,valid_no_signal,Yes,Yes,Yes,No,0,0,0,0,0,,Yes,Yes,[]
2026-05-19T23:35:28Z,2026-05-19T23:35:30Z,Yes,valid_no_signal,Yes,Yes,Yes,No,0,0,0,0,0,,Yes,Yes,[]
2026-05-20T01:33:04Z,2026-05-20T01:33:10Z,Yes,valid_no_signal,Yes,Yes,Yes,No,0,0,0,0,0,,Yes,Yes,[]
2026-05-20T05:47:07Z,2026-05-20T05:47:09Z,Yes,valid_no_signal,Yes,Yes,Yes,No,0,0,0,0,0,,Yes,Yes,[]
2026-05-20T08:44:47Z,2026-05-20T08:44:49Z,Yes,valid_no_signal,Yes,Yes,Yes,No,0,0,0,0,0,,Yes,Yes,[]
2026-05-20T11:36:15Z,2026-05-20T11:36:17Z,Yes,valid_no_signal,Yes,Yes,Yes,No,0,0,0,0,0,,Yes,Yes,[]
2026-05-20T14:10:41Z,2026-05-20T14:10:43Z,Yes,valid_no_signal,Yes,Yes,Yes,No,0,0,0,0,0,,Yes,Yes,[]
2026-05-20T17:33:31Z,2026-05-20T17:33:33Z,Yes,valid_no_signal,Yes,Yes,Yes,No,0,0,0,0,0,,Yes,Yes,[]
2026-05-20T19:41:42Z,2026-05-20T19:41:44Z,Yes,valid_no_signal,Yes,Yes,Yes,No,0,0,0,0,0,,Yes,Yes,[]
2026-05-20T21:26:04Z,2026-05-20T21:26:06Z,Yes,valid_no_signal,Yes,Yes,Yes,No,0,0,0,0,0,,Yes,Yes,[]
2026-05-20T22:54:48Z,2026-05-20T22:54:50Z,Yes,valid_no_signal,Yes,Yes,Yes,No,0,0,0,0,0,,Yes,Yes,[]
2026-05-21T00:14:20Z,2026-05-21T00:14:22Z,Yes,valid_no_signal,Yes,Yes,Yes,No,0,0,0,0,0,,Yes,Yes,[]
2026-05-21T04:47:07Z,2026-05-21T04:47:10Z,Yes,valid_no_signal,Yes,Yes,Yes,No,0,0,0,0,0,,Yes,Yes,[]
2026-05-21T08:23:12Z,2026-05-21T08:23:14Z,Yes,valid_no_signal,Yes,Yes,Yes,No,0,0,0,0,0,,Yes,Yes,[]
2026-05-21T11:49:37Z,2026-05-21T11:49:40Z,Yes,valid_no_signal,Yes,Yes,Yes,No,0,0,0,0,0,,Yes,Yes,[]
2026-05-21T14:28:59Z,2026-05-21T14:29:01Z,Yes,valid_no_signal,Yes,Yes,Yes,No,0,0,0,0,0,,Yes,Yes,[]
2026-05-21T17:17:07Z,2026-05-21T17:17:10Z,Yes,valid_no_signal,Yes,Yes,Yes,No,0,0,0,0,0,,Yes,Yes,[]
2026-05-21T19:19:21Z,2026-05-21T19:19:24Z,Yes,valid_no_signal,Yes,Yes,Yes,No,0,0,0,0,0,,Yes,Yes,[]
2026-05-21T20:59:28Z,2026-05-21T20:59:30Z,Yes,valid_no_signal,Yes,Yes,Yes,No,0,0,0,0,0,,Yes,Yes,[]
2026-05-21T22:24:57Z,2026-05-21T22:25:00Z,Yes,valid_no_signal,Yes,Yes,Yes,No,0,0,0,0,0,,Yes,Yes,[]
2026-05-21T23:36:34Z,2026-05-21T23:36:36Z,Yes,valid_no_signal,Yes,Yes,Yes,No,0,0,0,0,0,,Yes,Yes,[]
2026-05-22T01:32:44Z,2026-05-22T01:32:46Z,Yes,valid_no_signal,Yes,Yes,Yes,No,0,0,0,0,0,,Yes,Yes,[]
2026-05-22T05:44:15Z,2026-05-22T05:44:18Z,Yes,valid_no_signal,Yes,Yes,Yes,No,0,0,0,0,0,,Yes,Yes,[]
2026-05-22T08:40:54Z,2026-05-22T08:40:56Z,Yes,valid_no_signal,Yes,Yes,Yes,No,0,0,0,0,0,,Yes,Yes,[]
2026-05-22T11:33:50Z,2026-05-22T11:33:53Z,Yes,valid_no_signal,Yes,Yes,Yes,No,0,0,0,0,0,,Yes,Yes,[]
2026-05-22T13:57:03Z,2026-05-22T13:57:06Z,Yes,valid_no_signal,Yes,Yes,Yes,No,0,0,0,0,0,,Yes,Yes,[]
2026-05-22T16:32:03Z,2026-05-22T16:32:06Z,Yes,valid_no_signal,Yes,Yes,Yes,No,0,0,0,0,0,,Yes,Yes,[]
2026-05-22T18:18:11Z,2026-05-22T18:18:13Z,Yes,valid_no_signal,Yes,Yes,Yes,No,0,0,0,0,0,,Yes,Yes,[]
2026-05-22T20:13:40Z,2026-05-22T20:13:42Z,Yes,valid_no_signal,Yes,Yes,Yes,No,0,0,0,0,0,,Yes,Yes,[]
2026-05-22T21:37:24Z,2026-05-22T21:37:26Z,Yes,valid_no_signal,Yes,Yes,Yes,No,0,0,0,0,0,,Yes,Yes,[]
2026-05-22T22:37:39Z,2026-05-22T22:37:42Z,Yes,valid_no_signal,Yes,Yes,Yes,No,0,0,0,0,0,,Yes,Yes,[]
2026-05-22T23:49:28Z,2026-05-22T23:49:30Z,Yes,valid_no_signal,Yes,Yes,Yes,No,0,0,0,0,0,,Yes,Yes,[]
2026-05-23T01:30:04Z,2026-05-23T01:30:07Z,Yes,valid_no_signal,Yes,Yes,Yes,No,0,0,0,0,0,,Yes,Yes,[]
2026-05-23T05:09:30Z,2026-05-23T05:09:32Z,Yes,valid_no_signal,Yes,Yes,Yes,No,0,0,0,0,0,,Yes,Yes,[]
2026-05-23T07:44:41Z,2026-05-23T07:44:44Z,Yes,valid_no_signal,Yes,Yes,Yes,No,0,0,0,0,0,,Yes,Yes,[]
2026-05-23T09:27:52Z,2026-05-23T09:27:55Z,Yes,valid_no_signal,Yes,Yes,Yes,No,0,0,0,0,0,,Yes,Yes,[]
2026-05-23T10:55:44Z,2026-05-23T10:55:46Z,Yes,valid_no_signal,Yes,Yes,Yes,No,0,0,0,0,0,,Yes,Yes,[]
2026-05-23T12:03:47Z,2026-05-23T12:03:50Z,Yes,valid_no_signal,Yes,Yes,Yes,No,0,0,0,0,0,,Yes,Yes,[]
2026-05-23T13:58:20Z,2026-05-23T13:58:22Z,Yes,valid_no_signal,Yes,Yes,Yes,No,0,0,0,0,0,,Yes,Yes,[]
2026-05-23T15:10:08Z,2026-05-23T15:10:10Z,Yes,valid_no_signal,Yes,Yes,Yes,No,0,0,0,0,0,,Yes,Yes,[]
2026-05-23T17:19:25Z,2026-05-23T17:19:28Z,Yes,valid_no_signal,Yes,Yes,Yes,No,0,0,0,0,0,,Yes,Yes,[]
2026-05-23T18:13:23Z,2026-05-23T18:13:24Z,Yes,valid_no_signal,Yes,Yes,Yes,No,0,0,0,0,0,,Yes,Yes,[]
2026-05-23T19:39:31Z,2026-05-23T19:39:34Z,Yes,valid_no_signal,Yes,Yes,Yes,No,0,0,0,0,0,,Yes,Yes,[]
2026-05-23T20:33:39Z,2026-05-23T20:33:41Z,Yes,valid_no_signal,Yes,Yes,Yes,No,0,0,0,0,0,,Yes,Yes,[]
2026-05-23T21:29:51Z,2026-05-23T21:29:53Z,Yes,valid_no_signal,Yes,Yes,Yes,No,0,0,0,0,0,,Yes,Yes,[]
2026-05-23T22:27:49Z,2026-05-23T22:27:51Z,Yes,valid_no_signal,Yes,Yes,Yes,No,0,0,0,0,0,,Yes,Yes,[]
2026-05-23T23:32:31Z,2026-05-23T23:32:33Z,Yes,valid_no_signal,Yes,Yes,Yes,No,0,0,0,0,0,,Yes,Yes,[]
2026-05-24T01:31:17Z,2026-05-24T01:31:19Z,Yes,valid_no_signal,Yes,Yes,Yes,No,0,0,0,0,0,,Yes,Yes,[]
2026-05-24T05:41:11Z,2026-05-24T05:41:13Z,Yes,valid_no_signal,Yes,Yes,Yes,No,0,0,0,0,0,,Yes,Yes,[]
2026-05-24T08:08:46Z,2026-05-24T08:08:49Z,Yes,valid_no_signal,Yes,Yes,Yes,No,0,0,0,0,0,,Yes,Yes,[]
2026-05-24T10:13:01Z,2026-05-24T10:13:03Z,Yes,valid_no_signal,Yes,Yes,Yes,No,0,0,0,0,0,,Yes,Yes,[]
2026-05-24T11:44:09Z,2026-05-24T11:44:12Z,Yes,valid_no_signal,Yes,Yes,Yes,No,0,0,0,0,0,,Yes,Yes,[]
2026-05-24T12:48:00Z,2026-05-24T12:48:02Z,Yes,valid_no_signal,Yes,Yes,Yes,No,0,0,0,0,0,,Yes,Yes,[]
2026-05-24T14:14:11Z,2026-05-24T14:14:13Z,Yes,valid_no_signal,Yes,Yes,Yes,No,0,0,0,0,0,,Yes,Yes,[]
2026-05-24T15:36:09Z,2026-05-24T15:36:11Z,Yes,valid_no_signal,Yes,Yes,Yes,No,0,0,0,0,0,,Yes,Yes,[]
2026-05-24T16:38:06Z,2026-05-24T16:38:09Z,Yes,valid_no_signal,Yes,Yes,Yes,No,0,0,0,0,0,,Yes,Yes,[]
2026-05-24T17:44:00Z,2026-05-24T17:44:03Z,Yes,valid_no_signal,Yes,Yes,Yes,No,0,0,0,0,0,,Yes,Yes,[]
2026-05-24T18:50:17Z,2026-05-24T18:50:19Z,Yes,valid_no_signal,Yes,Yes,Yes,No,0,0,0,0,0,,Yes,Yes,[]
2026-05-24T19:55:20Z,2026-05-24T19:55:22Z,Yes,valid_no_signal,Yes,Yes,Yes,No,0,0,0,0,0,,Yes,Yes,[]
2026-05-24T21:05:57Z,2026-05-24T21:05:59Z,Yes,valid_no_signal,Yes,Yes,Yes,No,0,0,0,0,0,,Yes,Yes,[]
2026-05-24T22:06:10Z,2026-05-24T22:06:12Z,Yes,valid_no_signal,Yes,Yes,Yes,No,0,0,0,0,0,,Yes,Yes,[]
2026-05-24T23:09:35Z,2026-05-24T23:09:38Z,Yes,valid_no_signal,Yes,Yes,Yes,No,0,0,0,0,0,,Yes,Yes,[]
2026-05-25T00:15:05Z,2026-05-25T00:15:08Z,Yes,valid_no_signal,Yes,Yes,Yes,No,0,0,0,0,0,,Yes,Yes,[]
2026-05-25T04:54:24Z,2026-05-25T04:54:26Z,Yes,valid_no_signal,Yes,Yes,Yes,No,0,0,0,0,0,,Yes,Yes,[]
2026-05-25T12:39:50Z,2026-05-25T12:39:53Z,Yes,valid_no_signal,Yes,Yes,Yes,No,0,0,0,0,0,,Yes,Yes,[]
2026-05-25T15:43:06Z,2026-05-25T15:43:08Z,Yes,valid_no_signal,Yes,Yes,Yes,No,0,0,0,0,0,,Yes,Yes,[]
2026-05-25T17:24:42Z,2026-05-25T17:24:44Z,Yes,valid_no_signal,Yes,Yes,Yes,No,0,0,0,0,0,,Yes,Yes,[]
2026-05-25T19:06:18Z,2026-05-25T19:06:21Z,Yes,valid_no_signal,Yes,Yes,Yes,No,0,0,0,0,0,,Yes,Yes,[]
2026-05-25T20:40:14Z,2026-05-25T20:40:17Z,Yes,valid_no_signal,Yes,Yes,Yes,No,0,0,0,0,0,,Yes,Yes,[]
2026-05-25T21:54:58Z,2026-05-25T21:55:01Z,Yes,valid_no_signal,Yes,Yes,Yes,No,0,0,0,0,0,,Yes,Yes,[]
2026-05-25T23:15:25Z,2026-05-25T23:15:29Z,Yes,valid_no_signal,Yes,Yes,Yes,No,0,0,0,0,0,,Yes,Yes,[]
2026-05-26T00:16:44Z,2026-05-26T00:16:46Z,Yes,valid_no_signal,Yes,Yes,Yes,No,0,0,0,0,0,,Yes,Yes,[]
2026-05-26T04:36:43Z,2026-05-26T04:36:46Z,Yes,valid_no_signal,Yes,Yes,Yes,No,0,0,0,0,0,,Yes,Yes,[]
2026-05-26T08:07:44Z,2026-05-26T08:07:46Z,Yes,valid_no_signal,Yes,Yes,Yes,No,0,0,0,0,0,,Yes,Yes,[]
2026-05-26T14:20:24Z,2026-05-26T14:20:26Z,Yes,valid_no_signal,Yes,Yes,Yes,No,0,0,0,0,0,,Yes,Yes,[]
2026-05-26T17:38:02Z,2026-05-26T17:38:04Z,Yes,valid_no_signal,Yes,Yes,Yes,No,0,0,0,0,0,,Yes,Yes,[]
2026-05-26T19:47:14Z,2026-05-26T19:47:17Z,Yes,valid_no_signal,Yes,Yes,Yes,No,0,0,0,0,0,,Yes,Yes,[]
2026-05-26T21:21:08Z,2026-05-26T21:21:10Z,Yes,valid_no_signal,Yes,Yes,Yes,No,0,0,0,0,0,,Yes,Yes,[]
2026-05-26T22:42:59Z,2026-05-26T22:43:02Z,Yes,valid_no_signal,Yes,Yes,Yes,No,0,0,0,0,0,,Yes,Yes,[]
2026-05-26T23:51:06Z,2026-05-26T23:51:08Z,Yes,valid_no_signal,Yes,Yes,Yes,No,0,0,0,0,0,,Yes,Yes,[]
2026-05-27T01:54:55Z,2026-05-27T01:54:57Z,Yes,valid_no_signal,Yes,Yes,Yes,No,0,0,0,0,0,,Yes,Yes,[]
2026-05-27T06:37:36Z,2026-05-27T06:37:38Z,Yes,valid_no_signal,Yes,Yes,Yes,No,0,0,0,0,0,,Yes,Yes,[]
2026-05-27T10:43:05Z,2026-05-27T10:43:07Z,Yes,valid_no_signal,Yes,Yes,Yes,No,0,0,0,0,0,,Yes,Yes,[]
2026-05-27T14:05:26Z,2026-05-27T14:05:29Z,Yes,valid_no_signal,Yes,Yes,Yes,No,0,0,0,0,0,,Yes,Yes,[]
2026-05-27T17:28:44Z,2026-05-27T17:28:46Z,Yes,valid_no_signal,Yes,Yes,Yes,No,0,0,0,0,0,,Yes,Yes,[]
2026-05-27T19:37:52Z,2026-05-27T19:37:55Z,Yes,valid_no_signal,Yes,Yes,Yes,No,0,0,0,0,0,,Yes,Yes,[]
2026-05-27T21:29:30Z,2026-05-27T21:29:33Z,Yes,valid_no_signal,Yes,Yes,Yes,No,0,0,0,0,0,,Yes,Yes,[]
2026-05-27T22:59:47Z,2026-05-27T22:59:49Z,Yes,valid_no_signal,Yes,Yes,Yes,No,0,0,0,0,0,,Yes,Yes,[]
2026-05-28T00:06:45Z,2026-05-28T00:06:48Z,Yes,valid_no_signal,Yes,Yes,Yes,No,0,0,0,0,0,,Yes,Yes,[]
2026-05-28T04:25:10Z,2026-05-28T04:25:13Z,Yes,valid_no_signal,Yes,Yes,Yes,No,0,0,0,0,0,,Yes,Yes,[]
2026-05-28T08:28:25Z,2026-05-28T08:28:27Z,Yes,valid_no_signal,Yes,Yes,Yes,No,0,0,0,0,0,,Yes,Yes,[]
2026-05-28T11:59:54Z,2026-05-28T11:59:56Z,Yes,valid_no_signal,Yes,Yes,Yes,No,0,0,0,0,0,,Yes,Yes,[]
2026-05-28T16:20:18Z,2026-05-28T16:20:20Z,Yes,valid_no_signal,Yes,Yes,Yes,No,0,0,0,0,0,,Yes,Yes,[]
2026-05-28T18:44:59Z,2026-05-28T18:45:00Z,Yes,valid_no_signal,Yes,Yes,Yes,No,0,0,0,0,0,,Yes,Yes,[]
2026-05-28T21:00:12Z,2026-05-28T21:00:15Z,Yes,valid_no_signal,Yes,Yes,Yes,No,0,0,0,0,0,,Yes,Yes,[]
2026-05-28T22:43:19Z,2026-05-28T22:43:21Z,Yes,valid_no_signal,Yes,Yes,Yes,No,0,0,0,0,0,,Yes,Yes,[]
2026-05-28T23:55:52Z,2026-05-28T23:55:55Z,Yes,valid_no_signal,Yes,Yes,Yes,No,0,0,0,0,0,,Yes,Yes,[]
2026-05-29T04:25:16Z,2026-05-29T04:25:19Z,Yes,valid_no_signal,Yes,Yes,Yes,No,0,0,0,0,0,,Yes,Yes,[]
2026-05-29T08:26:31Z,2026-05-29T08:26:33Z,Yes,valid_no_signal,Yes,Yes,Yes,No,0,0,0,0,0,,Yes,Yes,[]
2026-05-29T11:49:56Z,2026-05-29T11:49:58Z,Yes,valid_no_signal,Yes,Yes,Yes,No,0,0,0,0,0,,Yes,Yes,[]
2026-05-29T14:27:36Z,2026-05-29T14:27:39Z,Yes,valid_no_signal,Yes,Yes,Yes,No,0,0,0,0,0,,Yes,Yes,[]
2026-05-29T17:51:31Z,2026-05-29T17:51:34Z,Yes,valid_no_signal,Yes,Yes,Yes,No,0,0,0,0,0,,Yes,Yes,[]
2026-05-29T20:00:06Z,2026-05-29T20:00:08Z,Yes,valid_no_signal,Yes,Yes,Yes,No,0,0,0,0,0,,Yes,Yes,[]
2026-05-29T21:59:17Z,2026-05-29T21:59:19Z,Yes,valid_no_signal,Yes,Yes,Yes,No,0,0,0,0,0,,Yes,Yes,[]
2026-05-29T23:21:05Z,2026-05-29T23:21:08Z,Yes,valid_no_signal,Yes,Yes,Yes,No,0,0,0,0,0,,Yes,Yes,[]
2026-05-30T01:23:23Z,2026-05-30T01:23:25Z,Yes,valid_no_signal,Yes,Yes,Yes,No,0,0,0,0,0,,Yes,Yes,[]
2026-05-30T05:30:26Z,2026-05-30T05:30:29Z,Yes,valid_no_signal,Yes,Yes,Yes,No,0,0,0,0,0,,Yes,Yes,[]
2026-05-30T08:03:57Z,2026-05-30T08:03:59Z,Yes,valid_no_signal,Yes,Yes,Yes,No,0,0,0,0,0,,Yes,Yes,[]
2026-05-30T10:09:16Z,2026-05-30T10:09:18Z,Yes,valid_no_signal,Yes,Yes,Yes,No,0,0,0,0,0,,Yes,Yes,[]
2026-05-30T11:46:13Z,2026-05-30T11:46:16Z,Yes,valid_no_signal,Yes,Yes,Yes,No,0,0,0,0,0,,Yes,Yes,[]
2026-05-30T12:50:12Z,2026-05-30T12:50:14Z,Yes,valid_no_signal,Yes,Yes,Yes,No,0,0,0,0,0,,Yes,Yes,[]
2026-05-30T14:20:18Z,2026-05-30T14:20:20Z,Yes,valid_no_signal,Yes,Yes,Yes,No,0,0,0,0,0,,Yes,Yes,[]
2026-05-30T15:40:21Z,2026-05-30T15:40:23Z,Yes,valid_no_signal,Yes,Yes,Yes,No,0,0,0,0,0,,Yes,Yes,[]
2026-05-30T16:45:47Z,2026-05-30T16:45:49Z,Yes,valid_no_signal,Yes,Yes,Yes,No,0,0,0,0,0,,Yes,Yes,[]
2026-05-30T17:47:30Z,2026-05-30T17:47:32Z,Yes,valid_no_signal,Yes,Yes,Yes,No,0,0,0,0,0,,Yes,Yes,[]
2026-05-30T18:49:01Z,2026-05-30T18:49:04Z,Yes,valid_no_signal,Yes,Yes,Yes,No,0,0,0,0,0,,Yes,Yes,[]
2026-05-30T19:58:34Z,2026-05-30T19:58:37Z,Yes,valid_no_signal,Yes,Yes,Yes,No,0,0,0,0,0,,Yes,Yes,[]
2026-05-30T21:10:26Z,2026-05-30T21:10:28Z,Yes,valid_no_signal,Yes,Yes,Yes,No,0,0,0,0,0,,Yes,Yes,[]
2026-05-30T22:15:12Z,2026-05-30T22:15:14Z,Yes,valid_no_signal,Yes,Yes,Yes,No,0,0,0,0,0,,Yes,Yes,[]
2026-05-30T23:16:46Z,2026-05-30T23:16:48Z,Yes,valid_no_signal,Yes,Yes,Yes,No,0,0,0,0,0,,Yes,Yes,[]
2026-05-31T00:16:07Z,2026-05-31T00:16:09Z,Yes,valid_no_signal,Yes,Yes,Yes,No,0,0,0,0,0,,Yes,Yes,[]
2026-05-31T04:54:21Z,2026-05-31T04:54:24Z,Yes,valid_no_signal,Yes,Yes,Yes,No,0,0,0,0,0,,Yes,Yes,[]
2026-05-31T08:19:44Z,2026-05-31T08:19:46Z,Yes,valid_no_signal,Yes,Yes,Yes,No,0,0,0,0,0,,Yes,Yes,[]
2026-05-31T10:26:30Z,2026-05-31T10:26:32Z,Yes,valid_no_signal,Yes,Yes,Yes,No,0,0,0,0,0,,Yes,Yes,[]
2026-05-31T12:00:10Z,2026-05-31T12:00:12Z,Yes,valid_no_signal,Yes,Yes,Yes,No,0,0,0,0,0,,Yes,Yes,[]
2026-05-31T14:04:40Z,2026-05-31T14:04:42Z,Yes,valid_no_signal,Yes,Yes,Yes,No,0,0,0,0,0,,Yes,Yes,[]
2026-05-31T15:23:59Z,2026-05-31T15:24:02Z,Yes,valid_no_signal,Yes,Yes,Yes,No,0,0,0,0,0,,Yes,Yes,[]
2026-05-31T16:42:23Z,2026-05-31T16:42:25Z,Yes,valid_no_signal,Yes,Yes,Yes,No,0,0,0,0,0,,Yes,Yes,[]
2026-05-31T17:47:03Z,2026-05-31T17:47:05Z,Yes,valid_no_signal,Yes,Yes,Yes,No,0,0,0,0,0,,Yes,Yes,[]
2026-05-31T18:54:36Z,2026-05-31T18:54:38Z,Yes,valid_no_signal,Yes,Yes,Yes,No,0,0,0,0,0,,Yes,Yes,[]
2026-05-31T20:18:14Z,2026-05-31T20:18:17Z,Yes,valid_no_signal,Yes,Yes,Yes,No,0,0,0,0,0,,Yes,Yes,[]
2026-05-31T21:17:05Z,2026-05-31T21:17:08Z,Yes,valid_no_signal,Yes,Yes,Yes,No,0,0,0,0,0,,Yes,Yes,[]
2026-05-31T22:16:06Z,2026-05-31T22:16:09Z,Yes,valid_no_signal,Yes,Yes,Yes,No,0,0,0,0,0,,Yes,Yes,[]
2026-05-31T23:31:45Z,2026-05-31T23:31:48Z,Yes,valid_no_signal,Yes,Yes,Yes,No,0,0,0,0,0,,Yes,Yes,[]
2026-06-01T01:41:37Z,2026-06-01T01:41:39Z,Yes,valid_no_signal,Yes,Yes,Yes,No,0,0,0,0,0,,Yes,Yes,[]
2026-06-01T06:34:08Z,2026-06-01T06:34:10Z,Yes,valid_no_signal,Yes,Yes,Yes,No,0,0,0,0,0,,Yes,Yes,[]
2026-06-01T12:19:23Z,2026-06-01T12:19:26Z,Yes,valid_no_signal,Yes,Yes,Yes,No,0,0,0,0,0,,Yes,Yes,[]
2026-06-01T18:18:07Z,2026-06-01T18:18:09Z,Yes,valid_no_signal,Yes,Yes,Yes,No,0,0,0,0,0,,Yes,Yes,[]
2026-06-01T21:44:40Z,2026-06-01T21:44:43Z,Yes,valid_no_signal,Yes,Yes,Yes,No,0,0,0,0,0,,Yes,Yes,[]
2026-06-01T23:17:54Z,2026-06-01T23:17:56Z,Yes,valid_no_signal,Yes,Yes,Yes,No,0,0,0,0,0,,Yes,Yes,[]
2026-06-02T01:38:56Z,2026-06-02T01:38:58Z,Yes,valid_no_signal,Yes,Yes,Yes,No,0,0,0,0,0,,Yes,Yes,[]
2026-06-02T06:24:06Z,2026-06-02T06:24:08Z,Yes,valid_no_signal,Yes,Yes,Yes,No,0,0,0,0,0,,Yes,Yes,[]
2026-06-02T11:06:49Z,2026-06-02T11:06:51Z,Yes,valid_no_signal,Yes,Yes,Yes,No,0,0,0,0,0,,Yes,Yes,[]
2026-06-02T15:04:18Z,2026-06-02T15:04:20Z,Yes,valid_no_signal,Yes,Yes,Yes,No,0,0,0,0,0,,Yes,Yes,[]
2026-06-02T18:49:35Z,2026-06-02T18:49:38Z,Yes,valid_no_signal,Yes,Yes,Yes,No,0,0,0,0,0,,Yes,Yes,[]
2026-06-02T21:37:24Z,2026-06-02T21:37:26Z,Yes,valid_no_signal,Yes,Yes,Yes,No,0,0,0,0,0,,Yes,Yes,[]
2026-06-02T23:18:42Z,2026-06-02T23:18:44Z,Yes,valid_no_signal,Yes,Yes,Yes,No,0,0,0,0,0,,Yes,Yes,[]
2026-06-03T02:01:32Z,2026-06-03T02:01:34Z,Yes,valid_no_signal,Yes,Yes,Yes,No,0,0,0,0,0,,Yes,Yes,[]
2026-06-03T07:01:40Z,2026-06-03T07:01:42Z,Yes,valid_no_signal,Yes,Yes,Yes,No,0,0,0,0,0,,Yes,Yes,[]
2026-06-03T12:01:50Z,2026-06-03T12:01:53Z,Yes,valid_no_signal,Yes,Yes,Yes,No,0,0,0,0,0,,Yes,Yes,[]
2026-06-03T17:07:46Z,2026-06-03T17:07:48Z,Yes,valid_no_signal,Yes,Yes,Yes,No,0,0,0,0,0,,Yes,Yes,[]
2026-06-03T20:29:43Z,2026-06-03T20:29:45Z,Yes,valid_no_signal,Yes,Yes,Yes,No,0,0,0,0,0,,Yes,Yes,[]
2026-06-03T22:38:40Z,2026-06-03T22:38:42Z,Yes,valid_no_signal,Yes,Yes,Yes,No,0,0,0,0,0,,Yes,Yes,[]
2026-06-04T00:22:12Z,2026-06-04T00:22:14Z,Yes,valid_no_signal,Yes,Yes,Yes,No,0,0,0,0,0,,Yes,Yes,[]
2026-06-04T05:14:20Z,2026-06-04T05:14:22Z,Yes,valid_no_signal,Yes,Yes,Yes,No,0,0,0,0,0,,Yes,Yes,[]
2026-06-04T09:03:25Z,2026-06-04T09:03:28Z,Yes,valid_no_signal,Yes,Yes,Yes,No,0,0,0,0,0,,Yes,Yes,[]
2026-06-04T12:10:01Z,2026-06-04T12:10:03Z,Yes,valid_no_signal,Yes,Yes,Yes,No,0,0,0,0,0,,Yes,Yes,[]
2026-06-04T15:46:26Z,2026-06-04T15:46:29Z,Yes,valid_no_signal,Yes,Yes,Yes,No,0,0,0,0,0,,Yes,Yes,[]
2026-06-04T18:01:59Z,2026-06-04T18:02:02Z,Yes,valid_no_signal,Yes,Yes,Yes,No,0,0,0,0,0,,Yes,Yes,[]
2026-06-04T20:20:15Z,2026-06-04T20:20:17Z,Yes,valid_no_signal,Yes,Yes,Yes,No,0,0,0,0,0,,Yes,Yes,[]
2026-06-04T21:55:34Z,2026-06-04T21:55:37Z,Yes,valid_no_signal,Yes,Yes,Yes,No,0,0,0,0,0,,Yes,Yes,[]
2026-06-04T23:16:38Z,2026-06-04T23:16:40Z,Yes,valid_no_signal,Yes,Yes,Yes,No,0,0,0,0,0,,Yes,Yes,[]
2026-06-05T01:31:48Z,2026-06-05T01:31:51Z,Yes,valid_no_signal,Yes,Yes,Yes,No,0,0,0,0,0,,Yes,Yes,[]
2026-06-05T06:02:28Z,2026-06-05T06:02:30Z,Yes,valid_no_signal,Yes,Yes,Yes,No,0,0,0,0,0,,Yes,Yes,[]
2026-06-05T10:06:58Z,2026-06-05T10:07:00Z,Yes,valid_no_signal,Yes,Yes,Yes,No,0,0,0,0,0,,Yes,Yes,[]
2026-06-05T12:47:08Z,2026-06-05T12:47:10Z,Yes,valid_no_signal,Yes,Yes,Yes,No,0,0,0,0,0,,Yes,Yes,[]
2026-06-05T15:41:07Z,2026-06-05T15:41:10Z,Yes,valid_no_signal,Yes,Yes,Yes,No,0,0,0,0,0,,Yes,Yes,[]
2026-06-05T17:33:20Z,2026-06-05T17:33:22Z,Yes,valid_no_signal,Yes,Yes,Yes,No,0,0,0,0,0,,Yes,Yes,[]
2026-06-05T19:21:05Z,2026-06-05T19:21:07Z,Yes,valid_no_signal,Yes,Yes,Yes,No,0,0,0,0,0,,Yes,Yes,[]
2026-06-05T20:59:05Z,2026-06-05T20:59:07Z,Yes,valid_no_signal,Yes,Yes,Yes,No,0,0,0,0,0,,Yes,Yes,[]
2026-06-05T22:21:05Z,2026-06-05T22:21:07Z,Yes,valid_no_signal,Yes,Yes,Yes,No,0,0,0,0,0,,Yes,Yes,[]
2026-06-05T23:41:39Z,2026-06-05T23:41:41Z,Yes,valid_no_signal,Yes,Yes,Yes,No,0,0,0,0,0,,Yes,Yes,[]
2026-06-06T01:47:25Z,2026-06-06T01:47:27Z,Yes,valid_no_signal,Yes,Yes,Yes,No,0,0,0,0,0,,Yes,Yes,[]
2026-06-06T05:42:09Z,2026-06-06T05:42:11Z,Yes,valid_no_signal,Yes,Yes,Yes,No,0,0,0,0,0,,Yes,Yes,[]
2026-06-06T08:16:09Z,2026-06-06T08:16:13Z,Yes,valid_no_signal,Yes,Yes,Yes,No,0,0,0,0,0,,Yes,Yes,[]
2026-06-06T10:23:31Z,2026-06-06T10:23:33Z,Yes,valid_no_signal,Yes,Yes,Yes,No,0,0,0,0,0,,Yes,Yes,[]
2026-06-06T11:57:14Z,2026-06-06T11:57:16Z,Yes,valid_no_signal,Yes,Yes,Yes,No,0,0,0,0,0,,Yes,Yes,[]
2026-06-06T14:02:30Z,2026-06-06T14:02:32Z,Yes,valid_no_signal,Yes,Yes,Yes,No,0,0,0,0,0,,Yes,Yes,[]
2026-06-06T15:21:27Z,2026-06-06T15:21:29Z,Yes,valid_no_signal,Yes,Yes,Yes,No,0,0,0,0,0,,Yes,Yes,[]
2026-06-06T16:36:22Z,2026-06-06T16:36:25Z,Yes,valid_no_signal,Yes,Yes,Yes,No,0,0,0,0,0,,Yes,Yes,[]
2026-06-06T17:45:25Z,2026-06-06T17:45:27Z,Yes,valid_no_signal,Yes,Yes,Yes,No,0,0,0,0,0,,Yes,Yes,[]
2026-06-06T18:56:25Z,2026-06-06T18:56:27Z,Yes,valid_no_signal,Yes,Yes,Yes,No,0,0,0,0,0,,Yes,Yes,[]
2026-06-06T20:16:54Z,2026-06-06T20:16:57Z,Yes,valid_no_signal,Yes,Yes,Yes,No,0,0,0,0,0,,Yes,Yes,[]
2026-06-06T21:19:30Z,2026-06-06T21:19:32Z,Yes,valid_no_signal,Yes,Yes,Yes,No,0,0,0,0,0,,Yes,Yes,[]
2026-06-06T22:32:09Z,2026-06-06T22:32:11Z,Yes,valid_no_signal,Yes,Yes,Yes,No,0,0,0,0,0,,Yes,Yes,[]
2026-06-06T23:37:18Z,2026-06-06T23:37:21Z,Yes,valid_no_signal,Yes,Yes,Yes,No,0,0,0,0,0,,Yes,Yes,[]
2026-06-07T01:52:06Z,2026-06-07T01:52:09Z,Yes,valid_no_signal,Yes,Yes,Yes,No,0,0,0,0,0,,Yes,Yes,[]
2026-06-07T06:09:27Z,2026-06-07T06:09:29Z,Yes,valid_no_signal,Yes,Yes,Yes,No,0,0,0,0,0,,Yes,Yes,[]
2026-06-07T09:41:23Z,2026-06-07T09:41:26Z,Yes,valid_no_signal,Yes,Yes,Yes,No,0,0,0,0,0,,Yes,Yes,[]
2026-06-07T11:28:41Z,2026-06-07T11:28:43Z,Yes,valid_no_signal,Yes,Yes,Yes,No,0,0,0,0,0,,Yes,Yes,[]
2026-06-07T13:07:16Z,2026-06-07T13:07:19Z,Yes,valid_no_signal,Yes,Yes,Yes,No,0,0,0,0,0,,Yes,Yes,[]
2026-06-07T14:58:05Z,2026-06-07T14:58:08Z,Yes,valid_no_signal,Yes,Yes,Yes,No,0,0,0,0,0,,Yes,Yes,[]
2026-06-07T16:24:41Z,2026-06-07T16:24:43Z,Yes,valid_no_signal,Yes,Yes,Yes,No,0,0,0,0,0,,Yes,Yes,[]
2026-06-07T17:49:32Z,2026-06-07T17:49:34Z,Yes,valid_no_signal,Yes,Yes,Yes,No,0,0,0,0,0,,Yes,Yes,[]
2026-06-07T18:59:14Z,2026-06-07T18:59:16Z,Yes,valid_no_signal,Yes,Yes,Yes,No,0,0,0,0,0,,Yes,Yes,[]
2026-06-07T20:20:32Z,2026-06-07T20:20:34Z,Yes,valid_no_signal,Yes,Yes,Yes,No,0,0,0,0,0,,Yes,Yes,[]
2026-06-07T21:39:21Z,2026-06-07T21:39:23Z,Yes,valid_no_signal,Yes,Yes,Yes,No,0,0,0,0,0,,Yes,Yes,[]
2026-06-07T22:47:49Z,2026-06-07T22:47:51Z,Yes,valid_no_signal,Yes,Yes,Yes,No,0,0,0,0,0,,Yes,Yes,[]
2026-06-07T23:48:13Z,2026-06-07T23:48:15Z,Yes,valid_no_signal,Yes,Yes,Yes,No,0,0,0,0,0,,Yes,Yes,[]
2026-06-08T02:03:46Z,2026-06-08T02:03:48Z,Yes,valid_no_signal,Yes,Yes,Yes,No,0,0,0,0,0,,Yes,Yes,[]
2026-06-08T06:56:01Z,2026-06-08T06:56:05Z,Yes,valid_no_signal,Yes,Yes,Yes,No,0,0,0,0,0,,Yes,Yes,[]
2026-06-08T12:05:09Z,2026-06-08T12:05:12Z,Yes,valid_no_signal,Yes,Yes,Yes,No,0,0,0,0,0,,Yes,Yes,[]
2026-06-08T16:13:28Z,2026-06-08T16:13:29Z,Yes,valid_no_signal,Yes,Yes,Yes,No,0,0,0,0,0,,Yes,Yes,[]
2026-06-08T18:36:57Z,2026-06-08T18:37:00Z,Yes,valid_no_signal,Yes,Yes,Yes,No,0,0,0,0,0,,Yes,Yes,[]
2026-06-08T21:02:55Z,2026-06-08T21:02:57Z,Yes,valid_no_signal,Yes,Yes,Yes,No,0,0,0,0,0,,Yes,Yes,[]
2026-06-08T22:43:43Z,2026-06-08T22:43:45Z,Yes,valid_no_signal,Yes,Yes,Yes,No,0,0,0,0,0,,Yes,Yes,[]
2026-06-08T23:51:51Z,2026-06-08T23:51:53Z,Yes,valid_no_signal,Yes,Yes,Yes,No,0,0,0,0,0,,Yes,Yes,[]
2026-06-09T01:44:39Z,2026-06-09T01:44:42Z,Yes,valid_no_signal,Yes,Yes,Yes,No,0,0,0,0,0,,Yes,Yes,[]
2026-06-09T05:54:23Z,2026-06-09T05:54:26Z,Yes,valid_no_signal,Yes,Yes,Yes,No,0,0,0,0,0,,Yes,Yes,[]
2026-06-09T10:00:01Z,2026-06-09T10:00:03Z,Yes,valid_no_signal,Yes,Yes,Yes,No,0,0,0,0,0,,Yes,Yes,[]
2026-06-09T12:45:04Z,2026-06-09T12:45:06Z,Yes,valid_no_signal,Yes,Yes,Yes,No,0,0,0,0,0,,Yes,Yes,[]
2026-06-09T15:45:49Z,2026-06-09T15:45:52Z,Yes,valid_no_signal,Yes,Yes,Yes,No,0,0,0,0,0,,Yes,Yes,[]
2026-06-09T17:47:25Z,2026-06-09T17:47:29Z,Yes,valid_no_signal,Yes,Yes,Yes,No,0,0,0,0,0,,Yes,Yes,[]
2026-06-09T19:49:11Z,2026-06-09T19:49:14Z,Yes,valid_no_signal,Yes,Yes,Yes,No,0,0,0,0,0,,Yes,Yes,[]
2026-06-09T21:25:29Z,2026-06-09T21:25:31Z,Yes,valid_no_signal,Yes,Yes,Yes,No,0,0,0,0,0,,Yes,Yes,[]
2026-06-09T23:02:20Z,2026-06-09T23:02:22Z,Yes,valid_no_signal,Yes,Yes,Yes,No,0,0,0,0,0,,Yes,Yes,[]
2026-06-10T00:21:06Z,2026-06-10T00:21:08Z,Yes,valid_no_signal,Yes,Yes,Yes,No,0,0,0,0,0,,Yes,Yes,[]
2026-06-10T04:52:46Z,2026-06-10T04:52:49Z,Yes,valid_no_signal,Yes,Yes,Yes,No,0,0,0,0,0,,Yes,Yes,[]
2026-06-10T08:57:17Z,2026-06-10T08:57:19Z,Yes,valid_no_signal,Yes,Yes,Yes,No,0,0,0,0,0,,Yes,Yes,[]
2026-06-10T12:31:49Z,2026-06-10T12:31:53Z,Yes,valid_no_signal,Yes,Yes,Yes,No,0,0,0,0,0,,Yes,Yes,[]
2026-06-10T16:23:15Z,2026-06-10T16:23:18Z,Yes,valid_no_signal,Yes,Yes,Yes,No,0,0,0,0,0,,Yes,Yes,[]
2026-06-10T19:15:37Z,2026-06-10T19:15:39Z,Yes,valid_no_signal,Yes,Yes,Yes,No,0,0,0,0,0,,Yes,Yes,[]
2026-06-10T21:30:04Z,2026-06-10T21:30:06Z,Yes,valid_no_signal,Yes,Yes,Yes,No,0,0,0,0,0,,Yes,Yes,[]
2026-06-10T23:09:51Z,2026-06-10T23:09:53Z,Yes,valid_no_signal,Yes,Yes,Yes,No,0,0,0,0,0,,Yes,Yes,[]
2026-06-11T01:41:57Z,2026-06-11T01:41:59Z,Yes,valid_no_signal,Yes,Yes,Yes,No,0,0,0,0,0,,Yes,Yes,[]
2026-06-11T06:28:20Z,2026-06-11T06:28:23Z,Yes,valid_no_signal,Yes,Yes,Yes,No,0,0,0,0,0,,Yes,Yes,[]
2026-06-11T11:12:18Z,2026-06-11T11:12:20Z,Yes,valid_no_signal,Yes,Yes,Yes,No,0,0,0,0,0,,Yes,Yes,[]
2026-06-11T14:56:56Z,2026-06-11T14:56:58Z,Yes,valid_no_signal,Yes,Yes,Yes,No,0,0,0,0,0,,Yes,Yes,[]
2026-06-11T18:23:26Z,2026-06-11T18:23:29Z,Yes,valid_no_signal,Yes,Yes,Yes,No,0,0,0,0,0,,Yes,Yes,[]
2026-06-11T21:03:09Z,2026-06-11T21:03:12Z,Yes,valid_no_signal,Yes,Yes,Yes,No,0,0,0,0,0,,Yes,Yes,[]
2026-06-11T22:52:50Z,2026-06-11T22:52:53Z,Yes,valid_no_signal,Yes,Yes,Yes,No,0,0,0,0,0,,Yes,Yes,[]
2026-06-12T00:22:35Z,2026-06-12T00:22:36Z,Yes,valid_no_signal,Yes,Yes,Yes,No,0,0,0,0,0,,Yes,Yes,[]
2026-06-12T05:17:55Z,2026-06-12T05:17:58Z,Yes,valid_no_signal,Yes,Yes,Yes,No,0,0,0,0,0,,Yes,Yes,[]
2026-06-12T09:14:29Z,2026-06-12T09:14:31Z,Yes,valid_no_signal,Yes,Yes,Yes,No,0,0,0,0,0,,Yes,Yes,[]
2026-06-12T12:33:52Z,2026-06-12T12:33:55Z,Yes,valid_no_signal,Yes,Yes,Yes,No,0,0,0,0,0,,Yes,Yes,[]
2026-06-12T15:49:19Z,2026-06-12T15:49:21Z,Yes,valid_no_signal,Yes,Yes,Yes,No,0,0,0,0,0,,Yes,Yes,[]
2026-06-12T17:53:57Z,2026-06-12T17:53:59Z,Yes,valid_no_signal,Yes,Yes,Yes,No,0,0,0,0,0,,Yes,Yes,[]
2026-06-12T20:21:16Z,2026-06-12T20:21:18Z,Yes,valid_no_signal,Yes,Yes,Yes,No,0,0,0,0,0,,Yes,Yes,[]
2026-06-12T22:02:20Z,2026-06-12T22:02:22Z,Yes,valid_no_signal,Yes,Yes,Yes,No,0,0,0,0,0,,Yes,Yes,[]
2026-06-12T23:25:37Z,2026-06-12T23:25:39Z,Yes,valid_no_signal,Yes,Yes,Yes,No,0,0,0,0,0,,Yes,Yes,[]
2026-06-13T01:39:03Z,2026-06-13T01:39:06Z,Yes,valid_no_signal,Yes,Yes,Yes,No,0,0,0,0,0,,Yes,Yes,[]
2026-06-13T06:03:07Z,2026-06-13T06:03:10Z,Yes,valid_no_signal,Yes,Yes,Yes,No,0,0,0,0,0,,Yes,Yes,[]
2026-06-13T09:29:22Z,2026-06-13T09:29:25Z,Yes,valid_no_signal,Yes,Yes,Yes,No,0,0,0,0,0,,Yes,Yes,[]
2026-06-13T11:29:12Z,2026-06-13T11:29:13Z,Yes,valid_no_signal,Yes,Yes,Yes,No,0,0,0,0,0,,Yes,Yes,[]
2026-06-13T13:08:22Z,2026-06-13T13:08:24Z,Yes,valid_no_signal,Yes,Yes,Yes,No,0,0,0,0,0,,Yes,Yes,[]
2026-06-13T15:13:01Z,2026-06-13T15:13:03Z,Yes,valid_no_signal,Yes,Yes,Yes,No,0,0,0,0,0,,Yes,Yes,[]
2026-06-13T16:49:55Z,2026-06-13T16:49:57Z,Yes,valid_no_signal,Yes,Yes,Yes,No,0,0,0,0,0,,Yes,Yes,[]
2026-06-13T18:00:06Z,2026-06-13T18:00:08Z,Yes,valid_no_signal,Yes,Yes,Yes,No,0,0,0,0,0,,Yes,Yes,[]
2026-06-13T19:47:42Z,2026-06-13T19:47:44Z,Yes,valid_no_signal,Yes,Yes,Yes,No,0,0,0,0,0,,Yes,Yes,[]
2026-06-13T20:55:15Z,2026-06-13T20:55:17Z,Yes,valid_no_signal,Yes,Yes,Yes,No,0,0,0,0,0,,Yes,Yes,[]
2026-06-13T22:13:45Z,2026-06-13T22:13:48Z,Yes,valid_no_signal,Yes,Yes,Yes,No,0,0,0,0,0,,Yes,Yes,[]
2026-06-13T23:34:18Z,2026-06-13T23:34:20Z,Yes,valid_no_signal,Yes,Yes,Yes,No,0,0,0,0,0,,Yes,Yes,[]
2026-06-14T01:57:33Z,2026-06-14T01:57:35Z,Yes,valid_no_signal,Yes,Yes,Yes,No,0,0,0,0,0,,Yes,Yes,[]
2026-06-14T06:50:18Z,2026-06-14T06:50:20Z,Yes,valid_no_signal,Yes,Yes,Yes,No,0,0,0,0,0,,Yes,Yes,[]
2026-06-14T10:16:30Z,2026-06-14T10:16:33Z,Yes,valid_no_signal,Yes,Yes,Yes,No,0,0,0,0,0,,Yes,Yes,[]
2026-06-14T12:17:03Z,2026-06-14T12:17:06Z,Yes,valid_no_signal,Yes,Yes,Yes,No,0,0,0,0,0,,Yes,Yes,[]
2026-06-14T14:31:22Z,2026-06-14T14:31:24Z,Yes,valid_no_signal,Yes,Yes,Yes,No,0,0,0,0,0,,Yes,Yes,[]
2026-06-14T16:07:33Z,2026-06-14T16:07:35Z,Yes,valid_no_signal,Yes,Yes,Yes,No,0,0,0,0,0,,Yes,Yes,[]
2026-06-14T17:50:42Z,2026-06-14T17:50:44Z,Yes,valid_no_signal,Yes,Yes,Yes,No,0,0,0,0,0,,Yes,Yes,[]
2026-06-14T19:00:55Z,2026-06-14T19:00:59Z,Yes,valid_no_signal,Yes,Yes,Yes,No,0,0,0,0,0,,Yes,Yes,[]
2026-06-14T20:22:31Z,2026-06-14T20:22:33Z,Yes,valid_no_signal,Yes,Yes,Yes,No,0,0,0,0,0,,Yes,Yes,[]
2026-06-14T21:53:21Z,2026-06-14T21:53:24Z,Yes,valid_no_signal,Yes,Yes,Yes,No,0,0,0,0,0,,Yes,Yes,[]
2026-06-14T23:18:50Z,2026-06-14T23:18:51Z,Yes,valid_no_signal,Yes,Yes,Yes,No,0,0,0,0,0,,Yes,Yes,[]
2026-06-15T01:42:07Z,2026-06-15T01:42:10Z,Yes,valid_no_signal,Yes,Yes,Yes,No,0,0,0,0,0,,Yes,Yes,[]
2026-06-15T07:01:26Z,2026-06-15T07:01:29Z,Yes,valid_no_signal,Yes,Yes,Yes,No,0,0,0,0,0,,Yes,Yes,[]
2026-06-15T13:23:16Z,2026-06-15T13:23:19Z,Yes,valid_no_signal,Yes,Yes,Yes,No,0,0,0,0,0,,Yes,Yes,[]
2026-06-15T18:10:11Z,2026-06-15T18:10:14Z,Yes,valid_no_signal,Yes,Yes,Yes,No,0,0,0,0,0,,Yes,Yes,[]
2026-06-15T21:27:41Z,2026-06-15T21:27:44Z,Yes,valid_no_signal,Yes,Yes,Yes,No,0,0,0,0,0,,Yes,Yes,[]
2026-06-15T23:20:06Z,2026-06-15T23:20:08Z,Yes,valid_no_signal,Yes,Yes,Yes,No,0,0,0,0,0,,Yes,Yes,[]
2026-06-16T02:01:55Z,2026-06-16T02:01:57Z,Yes,valid_no_signal,Yes,Yes,Yes,No,0,0,0,0,0,,Yes,Yes,[]
2026-06-16T07:36:21Z,2026-06-16T07:36:23Z,Yes,valid_no_signal,Yes,Yes,Yes,No,0,0,0,0,0,,Yes,Yes,[]
2026-06-16T12:28:02Z,2026-06-16T12:28:05Z,Yes,valid_no_signal,Yes,Yes,Yes,No,0,0,0,0,0,,Yes,Yes,[]
2026-06-16T17:34:05Z,2026-06-16T17:34:08Z,Yes,valid_no_signal,Yes,Yes,Yes,No,0,0,0,0,0,,Yes,Yes,[]
2026-06-16T20:27:19Z,2026-06-16T20:27:21Z,Yes,valid_no_signal,Yes,Yes,Yes,No,0,0,0,0,0,,Yes,Yes,[]
2026-06-16T22:31:27Z,2026-06-16T22:31:31Z,Yes,valid_no_signal,Yes,Yes,Yes,No,0,0,0,0,0,,Yes,Yes,[]
2026-06-16T23:59:07Z,2026-06-16T23:59:09Z,Yes,valid_no_signal,Yes,Yes,Yes,No,0,0,0,0,0,,Yes,Yes,[]
2026-06-17T05:03:28Z,2026-06-17T05:03:30Z,Yes,valid_no_signal,Yes,Yes,Yes,No,0,0,0,0,0,,Yes,Yes,[]
2026-06-17T09:57:58Z,2026-06-17T09:58:00Z,Yes,valid_no_signal,Yes,Yes,Yes,No,0,0,0,0,0,,Yes,Yes,[]
2026-06-17T13:50:21Z,2026-06-17T13:50:24Z,Yes,valid_no_signal,Yes,Yes,Yes,No,0,0,0,0,0,,Yes,Yes,[]
2026-06-17T16:48:43Z,2026-06-17T16:48:45Z,Yes,valid_no_signal,Yes,Yes,Yes,No,0,0,0,0,0,,Yes,Yes,[]
2026-06-17T19:14:09Z,2026-06-17T19:14:11Z,Yes,valid_no_signal,Yes,Yes,Yes,No,0,0,0,0,0,,Yes,Yes,[]
2026-06-17T21:23:29Z,2026-06-17T21:23:31Z,Yes,valid_no_signal,Yes,Yes,Yes,No,0,0,0,0,0,,Yes,Yes,[]
2026-06-17T23:02:18Z,2026-06-17T23:02:20Z,Yes,valid_no_signal,Yes,Yes,Yes,No,0,0,0,0,0,,Yes,Yes,[]
2026-06-18T00:22:25Z,2026-06-18T00:22:27Z,Yes,valid_no_signal,Yes,Yes,Yes,No,0,0,0,0,0,,Yes,Yes,[]
2026-06-18T05:09:57Z,2026-06-18T05:10:00Z,Yes,valid_no_signal,Yes,Yes,Yes,No,0,0,0,0,0,,Yes,Yes,[]
2026-06-18T09:48:03Z,2026-06-18T09:48:05Z,Yes,valid_no_signal,Yes,Yes,Yes,No,0,0,0,0,0,,Yes,Yes,[]
2026-06-18T12:41:50Z,2026-06-18T12:41:52Z,Yes,valid_no_signal,Yes,Yes,Yes,No,0,0,0,0,0,,Yes,Yes,[]
2026-06-18T16:18:01Z,2026-06-18T16:18:04Z,Yes,valid_no_signal,Yes,Yes,Yes,No,0,0,0,0,0,,Yes,Yes,[]
2026-06-18T18:37:33Z,2026-06-18T18:37:36Z,Yes,valid_no_signal,Yes,Yes,Yes,No,0,0,0,0,0,,Yes,Yes,[]
2026-06-18T21:14:15Z,2026-06-18T21:14:17Z,Yes,valid_no_signal,Yes,Yes,Yes,No,0,0,0,0,0,,Yes,Yes,[]
2026-06-18T23:11:33Z,2026-06-18T23:11:36Z,Yes,valid_no_signal,Yes,Yes,Yes,No,0,0,0,0,0,,Yes,Yes,[]
2026-06-19T02:07:03Z,2026-06-19T02:07:05Z,Yes,valid_no_signal,Yes,Yes,Yes,No,0,0,0,0,0,,Yes,Yes,[]
2026-06-19T07:22:31Z,2026-06-19T07:22:33Z,Yes,valid_no_signal,Yes,Yes,Yes,No,0,0,0,0,0,,Yes,Yes,[]
2026-06-19T11:50:02Z,2026-06-19T11:50:04Z,Yes,valid_no_signal,Yes,Yes,Yes,No,0,0,0,0,0,,Yes,Yes,[]
2026-06-19T14:31:16Z,2026-06-19T14:31:18Z,Yes,valid_no_signal,Yes,Yes,Yes,No,0,0,0,0,0,,Yes,Yes,[]
2026-06-19T17:00:15Z,2026-06-19T17:00:17Z,Yes,valid_no_signal,Yes,Yes,Yes,No,0,0,0,0,0,,Yes,Yes,[]
2026-06-19T19:02:16Z,2026-06-19T19:02:18Z,Yes,valid_no_signal,Yes,Yes,Yes,No,0,0,0,0,0,,Yes,Yes,[]
2026-06-19T20:40:55Z,2026-06-19T20:40:57Z,Yes,valid_no_signal,Yes,Yes,Yes,No,0,0,0,0,0,,Yes,Yes,[]
2026-06-19T21:52:07Z,2026-06-19T21:52:10Z,Yes,valid_no_signal,Yes,Yes,Yes,No,0,0,0,0,0,,Yes,Yes,[]
2026-06-19T22:40:35Z,2026-06-19T22:40:37Z,Yes,valid_no_signal,Yes,Yes,Yes,No,0,0,0,0,0,,Yes,Yes,[]
2026-06-19T23:51:43Z,2026-06-19T23:51:44Z,Yes,valid_no_signal,Yes,Yes,Yes,No,0,0,0,0,0,,Yes,Yes,[]
2026-06-20T01:55:40Z,2026-06-20T01:55:42Z,Yes,valid_no_signal,Yes,Yes,Yes,No,0,0,0,0,0,,Yes,Yes,[]
2026-06-20T06:38:09Z,2026-06-20T06:38:11Z,Yes,valid_no_signal,Yes,Yes,Yes,No,0,0,0,0,0,,Yes,Yes,[]
2026-06-20T09:53:51Z,2026-06-20T09:53:53Z,Yes,valid_no_signal,Yes,Yes,Yes,No,0,0,0,0,0,,Yes,Yes,[]
2026-06-20T12:04:04Z,2026-06-20T12:04:06Z,Yes,valid_no_signal,Yes,Yes,Yes,No,0,0,0,0,0,,Yes,Yes,[]
2026-06-20T14:24:48Z,2026-06-20T14:24:50Z,Yes,valid_no_signal,Yes,Yes,Yes,No,0,0,0,0,0,,Yes,Yes,[]
2026-06-20T16:00:59Z,2026-06-20T16:01:01Z,Yes,valid_no_signal,Yes,Yes,Yes,No,0,0,0,0,0,,Yes,Yes,[]
2026-06-20T17:41:52Z,2026-06-20T17:41:55Z,Yes,valid_no_signal,Yes,Yes,Yes,No,0,0,0,0,0,,Yes,Yes,[]
2026-06-20T19:00:17Z,2026-06-20T19:00:19Z,Yes,valid_no_signal,Yes,Yes,Yes,No,0,0,0,0,0,,Yes,Yes,[]
2026-06-20T20:21:23Z,2026-06-20T20:21:26Z,Yes,valid_no_signal,Yes,Yes,Yes,No,0,0,0,0,0,,Yes,Yes,[]
2026-06-20T21:42:32Z,2026-06-20T21:42:35Z,Yes,valid_no_signal,Yes,Yes,Yes,No,0,0,0,0,0,,Yes,Yes,[]
2026-06-20T22:51:35Z,2026-06-20T22:51:37Z,Yes,valid_no_signal,Yes,Yes,Yes,No,0,0,0,0,0,,Yes,Yes,[]
2026-06-20T23:54:24Z,2026-06-20T23:54:26Z,Yes,valid_no_signal,Yes,Yes,Yes,No,0,0,0,0,0,,Yes,Yes,[]
2026-06-21T05:09:22Z,2026-06-21T05:09:24Z,Yes,valid_no_signal,Yes,Yes,Yes,No,0,0,0,0,0,,Yes,Yes,[]
2026-06-21T09:03:21Z,2026-06-21T09:03:22Z,Yes,valid_no_signal,Yes,Yes,Yes,No,0,0,0,0,0,,Yes,Yes,[]
2026-06-21T11:49:26Z,2026-06-21T11:49:29Z,Yes,valid_no_signal,Yes,Yes,Yes,No,0,0,0,0,0,,Yes,Yes,[]
2026-06-21T13:27:02Z,2026-06-21T13:27:04Z,Yes,valid_no_signal,Yes,Yes,Yes,No,0,0,0,0,0,,Yes,Yes,[]
2026-06-21T15:28:46Z,2026-06-21T15:28:48Z,Yes,valid_no_signal,Yes,Yes,Yes,No,0,0,0,0,0,,Yes,Yes,[]
2026-06-21T17:07:30Z,2026-06-21T17:07:32Z,Yes,valid_no_signal,Yes,Yes,Yes,No,0,0,0,0,0,,Yes,Yes,[]
2026-06-21T18:54:29Z,2026-06-21T18:54:31Z,Yes,valid_no_signal,Yes,Yes,Yes,No,0,0,0,0,0,,Yes,Yes,[]
2026-06-21T20:43:47Z,2026-06-21T20:43:49Z,Yes,valid_no_signal,Yes,Yes,Yes,No,0,0,0,0,0,,Yes,Yes,[]
2026-06-21T22:02:41Z,2026-06-21T22:02:43Z,Yes,valid_no_signal,Yes,Yes,Yes,No,0,0,0,0,0,,Yes,Yes,[]
2026-06-21T23:24:34Z,2026-06-21T23:24:36Z,Yes,valid_no_signal,Yes,Yes,Yes,No,0,0,0,0,0,,Yes,Yes,[]
2026-06-22T02:05:10Z,2026-06-22T02:05:13Z,Yes,valid_no_signal,Yes,Yes,Yes,No,0,0,0,0,0,,Yes,Yes,[]
2026-06-22T07:35:42Z,2026-06-22T07:35:45Z,Yes,valid_no_signal,Yes,Yes,Yes,No,0,0,0,0,0,,Yes,Yes,[]
2026-06-22T13:13:33Z,2026-06-22T13:13:35Z,Yes,valid_no_signal,Yes,Yes,Yes,No,0,0,0,0,0,,Yes,Yes,[]
2026-06-22T17:54:29Z,2026-06-22T17:54:31Z,Yes,valid_no_signal,Yes,Yes,Yes,No,0,0,0,0,0,,Yes,Yes,[]
2026-06-22T21:09:41Z,2026-06-22T21:09:43Z,Yes,valid_no_signal,Yes,Yes,Yes,No,0,0,0,0,0,,Yes,Yes,[]
2026-06-22T22:56:19Z,2026-06-22T22:56:21Z,Yes,valid_no_signal,Yes,Yes,Yes,No,0,0,0,0,0,,Yes,Yes,[]
2026-06-23T00:16:08Z,2026-06-23T00:16:10Z,Yes,valid_no_signal,Yes,Yes,Yes,No,0,0,0,0,0,,Yes,Yes,[]
2026-06-23T04:31:42Z,2026-06-23T04:31:45Z,Yes,valid_no_signal,Yes,Yes,Yes,No,0,0,0,0,0,,Yes,Yes,[]
2026-06-23T08:04:57Z,2026-06-23T08:05:01Z,Yes,valid_no_signal,Yes,Yes,Yes,No,0,0,0,0,0,,Yes,Yes,[]
2026-06-23T11:26:30Z,2026-06-23T11:26:33Z,Yes,valid_no_signal,Yes,Yes,Yes,No,0,0,0,0,0,,Yes,Yes,[]
2026-06-23T14:00:52Z,2026-06-23T14:00:56Z,Yes,valid_no_signal,Yes,Yes,Yes,No,0,0,0,0,0,,Yes,Yes,[]
2026-06-23T16:30:48Z,2026-06-23T16:30:51Z,Yes,valid_no_signal,Yes,Yes,Yes,No,0,0,0,0,0,,Yes,Yes,[]
2026-06-23T18:23:13Z,2026-06-23T18:23:16Z,Yes,valid_no_signal,Yes,Yes,Yes,No,0,0,0,0,0,,Yes,Yes,[]
2026-06-23T20:36:01Z,2026-06-23T20:36:03Z,Yes,valid_no_signal,Yes,Yes,Yes,No,0,0,0,0,0,,Yes,Yes,[]
2026-06-23T22:01:02Z,2026-06-23T22:01:04Z,Yes,valid_no_signal,Yes,Yes,Yes,No,0,0,0,0,0,,Yes,Yes,[]
2026-06-23T23:14:45Z,2026-06-23T23:14:48Z,Yes,valid_no_signal,Yes,Yes,Yes,No,0,0,0,0,0,,Yes,Yes,[]
2026-06-24T00:12:52Z,2026-06-24T00:12:54Z,Yes,valid_no_signal,Yes,Yes,Yes,No,0,0,0,0,0,,Yes,Yes,[]
2026-06-24T04:38:55Z,2026-06-24T04:38:57Z,Yes,valid_no_signal,Yes,Yes,Yes,No,0,0,0,0,0,,Yes,Yes,[]
2026-06-24T08:15:50Z,2026-06-24T08:15:52Z,Yes,valid_no_signal,Yes,Yes,Yes,No,0,0,0,0,0,,Yes,Yes,[]
2026-06-24T11:18:39Z,2026-06-24T11:18:42Z,Yes,valid_no_signal,Yes,Yes,Yes,No,0,0,0,0,0,,Yes,Yes,[]
2026-06-24T13:30:16Z,2026-06-24T13:30:18Z,Yes,valid_no_signal,Yes,Yes,Yes,No,0,0,0,0,0,,Yes,Yes,[]
2026-06-24T15:54:15Z,2026-06-24T15:54:17Z,Yes,valid_no_signal,Yes,Yes,Yes,No,0,0,0,0,0,,Yes,Yes,[]
2026-06-24T18:03:02Z,2026-06-24T18:03:04Z,Yes,valid_no_signal,Yes,Yes,Yes,No,0,0,0,0,0,,Yes,Yes,[]
2026-06-24T19:59:09Z,2026-06-24T19:59:12Z,Yes,valid_no_signal,Yes,Yes,Yes,No,0,0,0,0,0,,Yes,Yes,[]
2026-06-24T21:38:12Z,2026-06-24T21:38:15Z,Yes,valid_no_signal,Yes,Yes,Yes,No,0,0,0,0,0,,Yes,Yes,[]
2026-06-24T22:54:02Z,2026-06-24T22:54:04Z,Yes,valid_no_signal,Yes,Yes,Yes,No,0,0,0,0,0,,Yes,Yes,[]
2026-06-25T00:18:56Z,2026-06-25T00:18:58Z,Yes,valid_no_signal,Yes,Yes,Yes,No,0,0,0,0,0,,Yes,Yes,[]
2026-06-25T04:36:39Z,2026-06-25T04:36:41Z,Yes,valid_no_signal,Yes,Yes,Yes,No,0,0,0,0,0,,Yes,Yes,[]
2026-06-25T08:01:01Z,2026-06-25T08:01:04Z,Yes,valid_no_signal,Yes,Yes,Yes,No,0,0,0,0,0,,Yes,Yes,[]
2026-06-25T10:49:47Z,2026-06-25T10:49:49Z,Yes,valid_no_signal,Yes,Yes,Yes,No,0,0,0,0,0,,Yes,Yes,[]
2026-06-25T13:07:35Z,2026-06-25T13:07:37Z,Yes,valid_no_signal,Yes,Yes,Yes,No,0,0,0,0,0,,Yes,Yes,[]
2026-06-25T15:46:39Z,2026-06-25T15:46:41Z,Yes,valid_no_signal,Yes,Yes,Yes,No,0,0,0,0,0,,Yes,Yes,[]
2026-06-25T17:55:31Z,2026-06-25T17:55:34Z,Yes,valid_no_signal,Yes,Yes,Yes,No,0,0,0,0,0,,Yes,Yes,[]
2026-06-25T20:16:23Z,2026-06-25T20:16:25Z,Yes,valid_no_signal,Yes,Yes,Yes,No,0,0,0,0,0,,Yes,Yes,[]
2026-06-25T21:54:14Z,2026-06-25T21:54:16Z,Yes,valid_no_signal,Yes,Yes,Yes,No,0,0,0,0,0,,Yes,Yes,[]
2026-06-25T23:24:53Z,2026-06-25T23:24:56Z,Yes,valid_no_signal,Yes,Yes,Yes,No,0,0,0,0,0,,Yes,Yes,[]
2026-06-26T01:38:02Z,2026-06-26T01:38:04Z,Yes,valid_no_signal,Yes,Yes,Yes,No,0,0,0,0,0,,Yes,Yes,[]
2026-06-26T05:56:56Z,2026-06-26T05:56:58Z,Yes,valid_no_signal,Yes,Yes,Yes,No,0,0,0,0,0,,Yes,Yes,[]
2026-06-26T09:45:22Z,2026-06-26T09:45:24Z,Yes,valid_no_signal,Yes,Yes,Yes,No,0,0,0,0,0,,Yes,Yes,[]
2026-06-26T12:02:36Z,2026-06-26T12:02:38Z,Yes,valid_no_signal,Yes,Yes,Yes,No,0,0,0,0,0,,Yes,Yes,[]
2026-06-26T14:40:45Z,2026-06-26T14:40:47Z,Yes,valid_no_signal,Yes,Yes,Yes,No,0,0,0,0,0,,Yes,Yes,[]
2026-06-26T16:52:19Z,2026-06-26T16:52:21Z,Yes,valid_no_signal,Yes,Yes,Yes,No,0,0,0,0,0,,Yes,Yes,[]
2026-06-26T18:18:14Z,2026-06-26T18:18:16Z,Yes,valid_no_signal,Yes,Yes,Yes,No,0,0,0,0,0,,Yes,Yes,[]
2026-06-26T20:13:12Z,2026-06-26T20:13:14Z,Yes,valid_no_signal,Yes,Yes,Yes,No,0,0,0,0,0,,Yes,Yes,[]
2026-06-26T21:42:08Z,2026-06-26T21:42:09Z,Yes,valid_no_signal,Yes,Yes,Yes,No,0,0,0,0,0,,Yes,Yes,[]
2026-06-26T22:53:23Z,2026-06-26T22:53:25Z,Yes,valid_no_signal,Yes,Yes,Yes,No,0,0,0,0,0,,Yes,Yes,[]
2026-06-27T00:17:12Z,2026-06-27T00:17:14Z,Yes,valid_no_signal,Yes,Yes,Yes,No,0,0,0,0,0,,Yes,Yes,[]
2026-06-27T04:18:11Z,2026-06-27T04:18:13Z,Yes,valid_no_signal,Yes,Yes,Yes,No,0,0,0,0,0,,Yes,Yes,[]
2026-06-27T07:28:58Z,2026-06-27T07:29:00Z,Yes,valid_no_signal,Yes,Yes,Yes,No,0,0,0,0,0,,Yes,Yes,[]
2026-06-27T09:37:51Z,2026-06-27T09:37:52Z,Yes,valid_no_signal,Yes,Yes,Yes,No,0,0,0,0,0,,Yes,Yes,[]
2026-06-27T11:15:46Z,2026-06-27T11:15:48Z,Yes,valid_no_signal,Yes,Yes,Yes,No,0,0,0,0,0,,Yes,Yes,[]
2026-06-27T12:44:26Z,2026-06-27T12:44:28Z,Yes,valid_no_signal,Yes,Yes,Yes,No,0,0,0,0,0,,Yes,Yes,[]
2026-06-27T14:18:12Z,2026-06-27T14:18:14Z,Yes,valid_no_signal,Yes,Yes,Yes,No,0,0,0,0,0,,Yes,Yes,[]
2026-06-27T15:40:50Z,2026-06-27T15:40:53Z,Yes,valid_no_signal,Yes,Yes,Yes,No,0,0,0,0,0,,Yes,Yes,[]
2026-06-27T16:48:14Z,2026-06-27T16:48:17Z,Yes,valid_no_signal,Yes,Yes,Yes,No,0,0,0,0,0,,Yes,Yes,[]
2026-06-27T17:47:37Z,2026-06-27T17:47:38Z,Yes,valid_no_signal,Yes,Yes,Yes,No,0,0,0,0,0,,Yes,Yes,[]
2026-06-27T18:54:53Z,2026-06-27T18:54:56Z,Yes,valid_no_signal,Yes,Yes,Yes,No,0,0,0,0,0,,Yes,Yes,[]
2026-06-27T20:15:14Z,2026-06-27T20:15:16Z,Yes,valid_no_signal,Yes,Yes,Yes,No,0,0,0,0,0,,Yes,Yes,[]
2026-06-27T21:31:21Z,2026-06-27T21:31:23Z,Yes,valid_no_signal,Yes,Yes,Yes,No,0,0,0,0,0,,Yes,Yes,[]
2026-06-27T22:38:27Z,2026-06-27T22:38:28Z,Yes,valid_no_signal,Yes,Yes,Yes,No,0,0,0,0,0,,Yes,Yes,[]
2026-06-27T23:44:03Z,2026-06-27T23:44:05Z,Yes,valid_no_signal,Yes,Yes,Yes,No,0,0,0,0,0,,Yes,Yes,[]
2026-06-28T01:54:38Z,2026-06-28T01:54:40Z,Yes,valid_no_signal,Yes,Yes,Yes,No,0,0,0,0,0,,Yes,Yes,[]
2026-06-28T06:33:37Z,2026-06-28T06:33:39Z,Yes,valid_no_signal,Yes,Yes,Yes,No,0,0,0,0,0,,Yes,Yes,[]
2026-06-28T09:44:12Z,2026-06-28T09:44:14Z,Yes,valid_no_signal,Yes,Yes,Yes,No,0,0,0,0,0,,Yes,Yes,[]
2026-06-28T11:26:03Z,2026-06-28T11:26:05Z,Yes,valid_no_signal,Yes,Yes,Yes,No,0,0,0,0,0,,Yes,Yes,[]
2026-06-28T12:59:57Z,2026-06-28T12:59:59Z,Yes,valid_no_signal,Yes,Yes,Yes,No,0,0,0,0,0,,Yes,Yes,[]
2026-06-28T14:51:55Z,2026-06-28T14:51:57Z,Yes,valid_no_signal,Yes,Yes,Yes,No,0,0,0,0,0,,Yes,Yes,[]
2026-06-28T15:59:40Z,2026-06-28T15:59:42Z,Yes,valid_no_signal,Yes,Yes,Yes,No,0,0,0,0,0,,Yes,Yes,[]
2026-06-28T17:21:41Z,2026-06-28T17:21:43Z,Yes,valid_no_signal,Yes,Yes,Yes,No,0,0,0,0,0,,Yes,Yes,[]
2026-06-28T18:38:12Z,2026-06-28T18:38:16Z,Yes,valid_no_signal,Yes,Yes,Yes,No,0,0,0,0,0,,Yes,Yes,[]
2026-06-28T20:00:35Z,2026-06-28T20:00:37Z,Yes,valid_no_signal,Yes,Yes,Yes,No,0,0,0,0,0,,Yes,Yes,[]
2026-06-28T21:11:55Z,2026-06-28T21:11:56Z,Yes,valid_no_signal,Yes,Yes,Yes,No,0,0,0,0,0,,Yes,Yes,[]
2026-06-28T22:17:03Z,2026-06-28T22:17:05Z,Yes,valid_no_signal,Yes,Yes,Yes,No,0,0,0,0,0,,Yes,Yes,[]
2026-06-28T23:31:28Z,2026-06-28T23:31:30Z,Yes,valid_no_signal,Yes,Yes,Yes,No,0,0,0,0,0,,Yes,Yes,[]
2026-06-29T01:38:12Z,2026-06-29T01:38:14Z,Yes,valid_no_signal,Yes,Yes,Yes,No,0,0,0,0,0,,Yes,Yes,[]
2026-06-29T06:24:22Z,2026-06-29T06:24:24Z,Yes,valid_no_signal,Yes,Yes,Yes,No,0,0,0,0,0,,Yes,Yes,[]
2026-06-29T11:33:27Z,2026-06-29T11:33:29Z,Yes,valid_no_signal,Yes,Yes,Yes,No,0,0,0,0,0,,Yes,Yes,[]
2026-06-29T15:00:24Z,2026-06-29T15:00:26Z,Yes,valid_no_signal,Yes,Yes,Yes,No,0,0,0,0,0,,Yes,Yes,[]
2026-06-29T17:44:44Z,2026-06-29T17:44:46Z,Yes,valid_no_signal,Yes,Yes,Yes,No,0,0,0,0,0,,Yes,Yes,[]
2026-06-29T19:26:27Z,2026-06-29T19:26:29Z,Yes,valid_no_signal,Yes,Yes,Yes,No,0,0,0,0,0,,Yes,Yes,[]
2026-06-29T21:10:09Z,2026-06-29T21:10:11Z,Yes,valid_no_signal,Yes,Yes,Yes,No,0,0,0,0,0,,Yes,Yes,[]
2026-06-29T22:32:57Z,2026-06-29T22:32:59Z,Yes,valid_no_signal,Yes,Yes,Yes,No,0,0,0,0,0,,Yes,Yes,[]
2026-06-29T23:36:17Z,2026-06-29T23:36:19Z,Yes,valid_no_signal,Yes,Yes,Yes,No,0,0,0,0,0,,Yes,Yes,[]
2026-06-30T01:33:53Z,2026-06-30T01:33:55Z,Yes,valid_no_signal,Yes,Yes,Yes,No,0,0,0,0,0,,Yes,Yes,[]
2026-06-30T05:49:59Z,2026-06-30T05:50:01Z,Yes,valid_no_signal,Yes,Yes,Yes,No,0,0,0,0,0,,Yes,Yes,[]
2026-06-30T08:47:48Z,2026-06-30T08:47:50Z,Yes,valid_no_signal,Yes,Yes,Yes,No,0,0,0,0,0,,Yes,Yes,[]
2026-06-30T11:34:22Z,2026-06-30T11:34:25Z,Yes,valid_no_signal,Yes,Yes,Yes,No,0,0,0,0,0,,Yes,Yes,[]
2026-06-30T13:25:40Z,2026-06-30T13:25:43Z,Yes,valid_no_signal,Yes,Yes,Yes,No,0,0,0,0,0,,Yes,Yes,[]
2026-06-30T16:08:35Z,2026-06-30T16:08:38Z,Yes,valid_no_signal,Yes,Yes,Yes,No,0,0,0,0,0,,Yes,Yes,[]
2026-06-30T18:16:08Z,2026-06-30T18:16:10Z,Yes,valid_no_signal,Yes,Yes,Yes,No,0,0,0,0,0,,Yes,Yes,[]
2026-06-30T20:21:00Z,2026-06-30T20:21:02Z,Yes,valid_no_signal,Yes,Yes,Yes,No,0,0,0,0,0,,Yes,Yes,[]
2026-06-30T21:50:15Z,2026-06-30T21:50:17Z,Yes,valid_no_signal,Yes,Yes,Yes,No,0,0,0,0,0,,Yes,Yes,[]
2026-06-30T22:59:11Z,2026-06-30T22:59:13Z,Yes,valid_no_signal,Yes,Yes,Yes,No,0,0,0,0,0,,Yes,Yes,[]
2026-07-01T00:16:24Z,2026-07-01T00:16:26Z,Yes,valid_no_signal,Yes,Yes,Yes,No,0,0,0,0,0,,Yes,Yes,[]
2026-07-01T04:55:35Z,2026-07-01T04:55:37Z,Yes,valid_no_signal,Yes,Yes,Yes,No,0,0,0,0,0,,Yes,Yes,[]
2026-07-01T08:52:39Z,2026-07-01T08:52:41Z,Yes,valid_no_signal,Yes,Yes,Yes,No,0,0,0,0,0,,Yes,Yes,[]
2026-07-01T12:14:08Z,2026-07-01T12:14:10Z,Yes,valid_no_signal,Yes,Yes,Yes,No,0,0,0,0,0,,Yes,Yes,[]
2026-07-01T15:13:12Z,2026-07-01T15:13:14Z,Yes,valid_no_signal,Yes,Yes,Yes,No,0,0,0,0,0,,Yes,Yes,[]
2026-07-01T17:23:46Z,2026-07-01T17:23:48Z,Yes,valid_no_signal,Yes,Yes,Yes,No,0,0,0,0,0,,Yes,Yes,[]
2026-07-01T19:19:47Z,2026-07-01T19:19:49Z,Yes,valid_no_signal,Yes,Yes,Yes,No,0,0,0,0,0,,Yes,Yes,[]
2026-07-01T20:56:59Z,2026-07-01T20:57:02Z,Yes,valid_no_signal,Yes,Yes,Yes,No,0,0,0,0,0,,Yes,Yes,[]
2026-07-01T22:23:24Z,2026-07-01T22:23:26Z,Yes,valid_no_signal,Yes,Yes,Yes,No,0,0,0,0,0,,Yes,Yes,[]
2026-07-01T23:52:51Z,2026-07-01T23:52:53Z,Yes,valid_no_signal,Yes,Yes,Yes,No,0,0,0,0,0,,Yes,Yes,[]
2026-07-02T04:14:24Z,2026-07-02T04:14:27Z,Yes,valid_no_signal,Yes,Yes,Yes,No,0,0,0,0,0,,Yes,Yes,[]
2026-07-02T07:45:08Z,2026-07-02T07:45:11Z,Yes,valid_no_signal,Yes,Yes,Yes,No,0,0,0,0,0,,Yes,Yes,[]
2026-07-02T10:22:19Z,2026-07-02T10:22:20Z,Yes,valid_no_signal,Yes,Yes,Yes,No,0,0,0,0,0,,Yes,Yes,[]
2026-07-02T12:23:29Z,2026-07-02T12:23:32Z,Yes,valid_no_signal,Yes,Yes,Yes,No,0,0,0,0,0,,Yes,Yes,[]
2026-07-02T14:41:43Z,2026-07-02T14:41:46Z,Yes,valid_no_signal,Yes,Yes,Yes,No,0,0,0,0,0,,Yes,Yes,[]
2026-07-02T16:29:11Z,2026-07-02T16:29:13Z,Yes,valid_no_signal,Yes,Yes,Yes,No,0,0,0,0,0,,Yes,Yes,[]
2026-07-02T18:16:21Z,2026-07-02T18:16:24Z,Yes,valid_no_signal,Yes,Yes,Yes,No,0,0,0,0,0,,Yes,Yes,[]
2026-07-02T19:54:03Z,2026-07-02T19:54:05Z,Yes,valid_no_signal,Yes,Yes,Yes,No,0,0,0,0,0,,Yes,Yes,[]
2026-07-02T21:18:02Z,2026-07-02T21:18:04Z,Yes,valid_no_signal,Yes,Yes,Yes,No,0,0,0,0,0,,Yes,Yes,[]
2026-07-02T22:29:18Z,2026-07-02T22:29:21Z,Yes,valid_no_signal,Yes,Yes,Yes,No,0,0,0,0,0,,Yes,Yes,[]
2026-07-02T23:40:32Z,2026-07-02T23:40:34Z,Yes,valid_no_signal,Yes,Yes,Yes,No,0,0,0,0,0,,Yes,Yes,[]
2026-07-03T01:18:57Z,2026-07-03T01:18:59Z,Yes,valid_no_signal,Yes,Yes,Yes,No,0,0,0,0,0,,Yes,Yes,[]
2026-07-03T05:00:42Z,2026-07-03T05:00:45Z,Yes,valid_no_signal,Yes,Yes,Yes,No,0,0,0,0,0,,Yes,Yes,[]
2026-07-03T08:16:39Z,2026-07-03T08:16:41Z,Yes,valid_no_signal,Yes,Yes,Yes,No,0,0,0,0,0,,Yes,Yes,[]
2026-07-03T11:01:14Z,2026-07-03T11:01:16Z,Yes,valid_no_signal,Yes,Yes,Yes,No,0,0,0,0,0,,Yes,Yes,[]
2026-07-03T13:01:46Z,2026-07-03T13:01:48Z,Yes,valid_no_signal,Yes,Yes,Yes,No,0,0,0,0,0,,Yes,Yes,[]
2026-07-03T15:17:02Z,2026-07-03T15:17:04Z,Yes,valid_no_signal,Yes,Yes,Yes,No,0,0,0,0,0,,Yes,Yes,[]
2026-07-03T16:46:24Z,2026-07-03T16:46:26Z,Yes,valid_no_signal,Yes,Yes,Yes,No,0,0,0,0,0,,Yes,Yes,[]
2026-07-03T18:03:02Z,2026-07-03T18:03:04Z,Yes,valid_no_signal,Yes,Yes,Yes,No,0,0,0,0,0,,Yes,Yes,[]
2026-07-03T19:41:38Z,2026-07-03T19:41:40Z,Yes,valid_no_signal,Yes,Yes,Yes,No,0,0,0,0,0,,Yes,Yes,[]
2026-07-03T20:45:34Z,2026-07-03T20:45:36Z,Yes,valid_no_signal,Yes,Yes,Yes,No,0,0,0,0,0,,Yes,Yes,[]
2026-07-03T21:47:32Z,2026-07-03T21:47:33Z,Yes,valid_no_signal,Yes,Yes,Yes,No,0,0,0,0,0,,Yes,Yes,[]
2026-07-03T22:44:32Z,2026-07-03T22:44:34Z,Yes,valid_no_signal,Yes,Yes,Yes,No,0,0,0,0,0,,Yes,Yes,[]
2026-07-03T23:45:55Z,2026-07-03T23:45:57Z,Yes,valid_no_signal,Yes,Yes,Yes,No,0,0,0,0,0,,Yes,Yes,[]
2026-07-04T01:19:27Z,2026-07-04T01:19:28Z,Yes,valid_no_signal,Yes,Yes,Yes,No,0,0,0,0,0,,Yes,Yes,[]
2026-07-04T04:55:07Z,2026-07-04T04:55:09Z,Yes,valid_no_signal,Yes,Yes,Yes,No,0,0,0,0,0,,Yes,Yes,[]
2026-07-04T07:53:08Z,2026-07-04T07:53:09Z,Yes,valid_no_signal,Yes,Yes,Yes,No,0,0,0,0,0,,Yes,Yes,[]
2026-07-04T10:20:49Z,2026-07-04T10:20:51Z,Yes,valid_no_signal,Yes,Yes,Yes,No,0,0,0,0,0,,Yes,Yes,[]
2026-07-04T11:48:13Z,2026-07-04T11:48:16Z,Yes,valid_no_signal,Yes,Yes,Yes,No,0,0,0,0,0,,Yes,Yes,[]
2026-07-04T12:49:08Z,2026-07-04T12:49:10Z,Yes,valid_no_signal,Yes,Yes,Yes,No,0,0,0,0,0,,Yes,Yes,[]
2026-07-04T14:17:56Z,2026-07-04T14:17:58Z,Yes,valid_no_signal,Yes,Yes,Yes,No,0,0,0,0,0,,Yes,Yes,[]
2026-07-04T15:33:35Z,2026-07-04T15:33:38Z,Yes,valid_no_signal,Yes,Yes,Yes,No,0,0,0,0,0,,Yes,Yes,[]
2026-07-04T16:34:05Z,2026-07-04T16:34:07Z,Yes,valid_no_signal,Yes,Yes,Yes,No,0,0,0,0,0,,Yes,Yes,[]
2026-07-04T17:37:06Z,2026-07-04T17:37:08Z,Yes,valid_no_signal,Yes,Yes,Yes,No,0,0,0,0,0,,Yes,Yes,[]
2026-07-04T19:48:29Z,2026-07-04T19:48:32Z,Yes,valid_no_signal,Yes,Yes,Yes,No,0,0,0,0,0,,Yes,Yes,[]
2026-07-04T20:36:51Z,2026-07-04T20:36:53Z,Yes,valid_no_signal,Yes,Yes,Yes,No,0,0,0,0,0,,Yes,Yes,[]
2026-07-04T21:33:45Z,2026-07-04T21:33:47Z,Yes,valid_no_signal,Yes,Yes,Yes,No,0,0,0,0,0,,Yes,Yes,[]
2026-07-04T22:32:25Z,2026-07-04T22:32:27Z,Yes,valid_no_signal,Yes,Yes,Yes,No,0,0,0,0,0,,Yes,Yes,[]
2026-07-04T23:34:19Z,2026-07-04T23:34:21Z,Yes,valid_no_signal,Yes,Yes,Yes,No,0,0,0,0,0,,Yes,Yes,[]
2026-07-05T01:19:05Z,2026-07-05T01:19:08Z,Yes,valid_no_signal,Yes,Yes,Yes,No,0,0,0,0,0,,Yes,Yes,[]
2026-07-05T05:10:33Z,2026-07-05T05:10:36Z,Yes,valid_no_signal,Yes,Yes,Yes,No,0,0,0,0,0,,Yes,Yes,[]
2026-07-05T08:19:12Z,2026-07-05T08:19:14Z,Yes,valid_no_signal,Yes,Yes,Yes,No,0,0,0,0,0,,Yes,Yes,[]
2026-07-05T10:30:22Z,2026-07-05T10:30:25Z,Yes,valid_no_signal,Yes,Yes,Yes,No,0,0,0,0,0,,Yes,Yes,[]
2026-07-05T11:57:02Z,2026-07-05T11:57:04Z,Yes,valid_no_signal,Yes,Yes,Yes,No,0,0,0,0,0,,Yes,Yes,[]
2026-07-05T13:59:31Z,2026-07-05T13:59:33Z,Yes,valid_no_signal,Yes,Yes,Yes,No,0,0,0,0,0,,Yes,Yes,[]
2026-07-05T15:19:26Z,2026-07-05T15:19:28Z,Yes,valid_no_signal,Yes,Yes,Yes,No,0,0,0,0,0,,Yes,Yes,[]
2026-07-05T16:29:58Z,2026-07-05T16:30:00Z,Yes,valid_no_signal,Yes,Yes,Yes,No,0,0,0,0,0,,Yes,Yes,[]
2026-07-05T17:38:10Z,2026-07-05T17:38:12Z,Yes,valid_no_signal,Yes,Yes,Yes,No,0,0,0,0,0,,Yes,Yes,[]
2026-07-05T18:48:19Z,2026-07-05T18:48:21Z,Yes,valid_no_signal,Yes,Yes,Yes,No,0,0,0,0,0,,Yes,Yes,[]
2026-07-05T20:01:25Z,2026-07-05T20:01:27Z,Yes,valid_no_signal,Yes,Yes,Yes,No,0,0,0,0,0,,Yes,Yes,[]
2026-07-05T21:11:54Z,2026-07-05T21:11:56Z,Yes,valid_no_signal,Yes,Yes,Yes,No,0,0,0,0,0,,Yes,Yes,[]
2026-07-05T22:14:56Z,2026-07-05T22:14:57Z,Yes,valid_no_signal,Yes,Yes,Yes,No,0,0,0,0,0,,Yes,Yes,[]
2026-07-05T23:29:19Z,2026-07-05T23:29:21Z,Yes,valid_no_signal,Yes,Yes,Yes,No,0,0,0,0,0,,Yes,Yes,[]
2026-07-06T01:17:48Z,2026-07-06T01:17:51Z,Yes,valid_no_signal,Yes,Yes,Yes,No,0,0,0,0,0,,Yes,Yes,[]
2026-07-06T05:37:59Z,2026-07-06T05:38:02Z,Yes,valid_no_signal,Yes,Yes,Yes,No,0,0,0,0,0,,Yes,Yes,[]
2026-07-06T09:45:17Z,2026-07-06T09:45:20Z,Yes,valid_no_signal,Yes,Yes,Yes,No,0,0,0,0,0,,Yes,Yes,[]
2026-07-06T13:32:35Z,2026-07-06T13:32:37Z,Yes,valid_no_signal,Yes,Yes,Yes,No,0,0,0,0,0,,Yes,Yes,[]
2026-07-06T16:40:09Z,2026-07-06T16:40:11Z,Yes,valid_no_signal,Yes,Yes,Yes,No,0,0,0,0,0,,Yes,Yes,[]
2026-07-06T18:32:39Z,2026-07-06T18:32:41Z,Yes,valid_no_signal,Yes,Yes,Yes,No,0,0,0,0,0,,Yes,Yes,[]
2026-07-06T20:28:14Z,2026-07-06T20:28:16Z,Yes,valid_no_signal,Yes,Yes,Yes,No,0,0,0,0,0,,Yes,Yes,[]
2026-07-06T21:57:32Z,2026-07-06T21:57:35Z,Yes,valid_no_signal,Yes,Yes,Yes,No,0,0,0,0,0,,Yes,Yes,[]
2026-07-06T23:15:28Z,2026-07-06T23:15:30Z,Yes,valid_no_signal,Yes,Yes,Yes,No,0,0,0,0,0,,Yes,Yes,[]
2026-07-07T01:09:28Z,2026-07-07T01:09:30Z,Yes,valid_no_signal,Yes,Yes,Yes,No,0,0,0,0,0,,Yes,Yes,[]
2026-07-07T05:09:05Z,2026-07-07T05:09:07Z,Yes,valid_no_signal,Yes,Yes,Yes,No,0,0,0,0,0,,Yes,Yes,[]
2026-07-07T08:45:09Z,2026-07-07T08:45:11Z,Yes,valid_no_signal,Yes,Yes,Yes,No,0,0,0,0,0,,Yes,Yes,[]
2026-07-07T11:32:12Z,2026-07-07T11:32:14Z,Yes,valid_no_signal,Yes,Yes,Yes,No,0,0,0,0,0,,Yes,Yes,[]
2026-07-07T13:37:22Z,2026-07-07T13:37:24Z,Yes,valid_no_signal,Yes,Yes,Yes,No,0,0,0,0,0,,Yes,Yes,[]
2026-07-07T16:06:40Z,2026-07-07T16:06:42Z,Yes,valid_no_signal,Yes,Yes,Yes,No,0,0,0,0,0,,Yes,Yes,[]
2026-07-07T18:12:16Z,2026-07-07T18:12:18Z,Yes,valid_no_signal,Yes,Yes,Yes,No,0,0,0,0,0,,Yes,Yes,[]
2026-07-07T20:16:44Z,2026-07-07T20:16:46Z,Yes,valid_no_signal,Yes,Yes,Yes,No,0,0,0,0,0,,Yes,Yes,[]
2026-07-07T21:43:05Z,2026-07-07T21:43:07Z,Yes,valid_no_signal,Yes,Yes,Yes,No,0,0,0,0,0,,Yes,Yes,[]
2026-07-07T22:45:06Z,2026-07-07T22:45:08Z,Yes,valid_no_signal,Yes,Yes,Yes,No,0,0,0,0,0,,Yes,Yes,[]
2026-07-07T23:39:08Z,2026-07-07T23:39:10Z,Yes,valid_no_signal,Yes,Yes,Yes,No,0,0,0,0,0,,Yes,Yes,[]
2026-07-08T01:13:27Z,2026-07-08T01:13:29Z,Yes,valid_no_signal,Yes,Yes,Yes,No,0,0,0,0,0,,Yes,Yes,[]
2026-07-08T04:34:45Z,2026-07-08T04:34:46Z,Yes,valid_no_signal,Yes,Yes,Yes,No,0,0,0,0,0,,Yes,Yes,[]
2026-07-08T07:07:54Z,2026-07-08T07:07:56Z,Yes,valid_no_signal,Yes,Yes,Yes,No,0,0,0,0,0,,Yes,Yes,[]
2026-07-08T09:39:03Z,2026-07-08T09:39:05Z,Yes,valid_no_signal,Yes,Yes,Yes,No,0,0,0,0,0,,Yes,Yes,[]
2026-07-08T11:31:41Z,2026-07-08T11:31:43Z,Yes,valid_no_signal,Yes,Yes,Yes,No,0,0,0,0,0,,Yes,Yes,[]
2026-07-08T13:10:02Z,2026-07-08T13:10:04Z,Yes,valid_no_signal,Yes,Yes,Yes,No,0,0,0,0,0,,Yes,Yes,[]
2026-07-08T15:36:38Z,2026-07-08T15:36:41Z,Yes,valid_no_signal,Yes,Yes,Yes,No,0,0,0,0,0,,Yes,Yes,[]
2026-07-08T17:03:27Z,2026-07-08T17:03:29Z,Yes,valid_no_signal,Yes,Yes,Yes,No,0,0,0,0,0,,Yes,Yes,[]
2026-07-08T18:24:32Z,2026-07-08T18:24:34Z,Yes,valid_no_signal,Yes,Yes,Yes,No,0,0,0,0,0,,Yes,Yes,[]
2026-07-08T20:06:02Z,2026-07-08T20:06:04Z,Yes,valid_no_signal,Yes,Yes,Yes,No,0,0,0,0,0,,Yes,Yes,[]
2026-07-08T21:19:56Z,2026-07-08T21:19:58Z,Yes,valid_no_signal,Yes,Yes,Yes,No,0,0,0,0,0,,Yes,Yes,[]
2026-07-08T22:27:06Z,2026-07-08T22:27:08Z,Yes,valid_no_signal,Yes,Yes,Yes,No,0,0,0,0,0,,Yes,Yes,[]
2026-07-09T01:19:07Z,2026-07-09T01:19:09Z,Yes,valid_no_signal,Yes,Yes,Yes,No,0,0,0,0,0,,Yes,Yes,[]
2026-07-09T05:10:09Z,2026-07-09T05:10:11Z,Yes,valid_no_signal,Yes,Yes,Yes,No,0,0,0,0,0,,Yes,Yes,[]
2026-07-09T08:57:05Z,2026-07-09T08:57:07Z,Yes,valid_no_signal,Yes,Yes,Yes,No,0,0,0,0,0,,Yes,Yes,[]
2026-07-09T11:42:24Z,2026-07-09T11:42:26Z,Yes,valid_no_signal,Yes,Yes,Yes,No,0,0,0,0,0,,Yes,Yes,[]
2026-07-09T14:11:22Z,2026-07-09T14:11:24Z,Yes,valid_no_signal,Yes,Yes,Yes,No,0,0,0,0,0,,Yes,Yes,[]
2026-07-09T16:44:01Z,2026-07-09T16:44:04Z,Yes,valid_no_signal,Yes,Yes,Yes,No,0,0,0,0,0,,Yes,Yes,[]
2026-07-09T18:29:40Z,2026-07-09T18:29:42Z,Yes,valid_no_signal,Yes,Yes,Yes,No,0,0,0,0,0,,Yes,Yes,[]
2026-07-09T20:23:39Z,2026-07-09T20:23:40Z,Yes,valid_no_signal,Yes,Yes,Yes,No,0,0,0,0,0,,Yes,Yes,[]
2026-07-09T22:04:26Z,2026-07-09T22:04:28Z,Yes,valid_no_signal,Yes,Yes,Yes,No,0,0,0,0,0,,Yes,Yes,[]
2026-07-09T23:21:54Z,2026-07-09T23:21:56Z,Yes,valid_no_signal,Yes,Yes,Yes,No,0,0,0,0,0,,Yes,Yes,[]
2026-07-10T01:03:05Z,2026-07-10T01:03:07Z,Yes,valid_no_signal,Yes,Yes,Yes,No,0,0,0,0,0,,Yes,Yes,[]
2026-07-10T05:01:10Z,2026-07-10T05:01:12Z,Yes,valid_no_signal,Yes,Yes,Yes,No,0,0,0,0,0,,Yes,Yes,[]
2026-07-10T08:28:51Z,2026-07-10T08:28:53Z,Yes,valid_no_signal,Yes,Yes,Yes,No,0,0,0,0,0,,Yes,Yes,[]
2026-07-10T11:26:53Z,2026-07-10T11:26:54Z,Yes,valid_no_signal,Yes,Yes,Yes,No,0,0,0,0,0,,Yes,Yes,[]
2026-07-10T13:29:13Z,2026-07-10T13:29:15Z,Yes,valid_no_signal,Yes,Yes,Yes,No,0,0,0,0,0,,Yes,Yes,[]
2026-07-10T15:57:35Z,2026-07-10T15:57:37Z,Yes,valid_no_signal,Yes,Yes,Yes,No,0,0,0,0,0,,Yes,Yes,[]
2026-07-10T17:54:06Z,2026-07-10T17:54:08Z,Yes,valid_no_signal,Yes,Yes,Yes,No,0,0,0,0,0,,Yes,Yes,[]
2026-07-10T19:45:05Z,2026-07-10T19:45:07Z,Yes,valid_no_signal,Yes,Yes,Yes,No,0,0,0,0,0,,Yes,Yes,[]
2026-07-10T20:54:28Z,2026-07-10T20:54:30Z,Yes,valid_no_signal,Yes,Yes,Yes,No,0,0,0,0,0,,Yes,Yes,[]
2026-07-10T22:11:52Z,2026-07-10T22:11:54Z,Yes,valid_no_signal,Yes,Yes,Yes,No,0,0,0,0,0,,Yes,Yes,[]
2026-07-10T23:14:51Z,2026-07-10T23:14:53Z,Yes,valid_no_signal,Yes,Yes,Yes,No,0,0,0,0,0,,Yes,Yes,[]
2026-07-11T00:11:26Z,2026-07-11T00:11:28Z,Yes,valid_no_signal,Yes,Yes,Yes,No,0,0,0,0,0,,Yes,Yes,[]
2026-07-11T03:44:57Z,2026-07-11T03:44:59Z,Yes,valid_no_signal,Yes,Yes,Yes,No,0,0,0,0,0,,Yes,Yes,[]
2026-07-11T06:02:16Z,2026-07-11T06:02:18Z,Yes,valid_no_signal,Yes,Yes,Yes,No,0,0,0,0,0,,Yes,Yes,[]
2026-07-11T08:07:53Z,2026-07-11T08:07:54Z,Yes,valid_no_signal,Yes,Yes,Yes,No,0,0,0,0,0,,Yes,Yes,[]
2026-07-11T09:50:25Z,2026-07-11T09:50:27Z,Yes,valid_no_signal,Yes,Yes,Yes,No,0,0,0,0,0,,Yes,Yes,[]
2026-07-11T10:46:53Z,2026-07-11T10:46:56Z,Yes,valid_no_signal,Yes,Yes,Yes,No,0,0,0,0,0,,Yes,Yes,[]
2026-07-11T11:37:34Z,2026-07-11T11:37:36Z,Yes,valid_no_signal,Yes,Yes,Yes,No,0,0,0,0,0,,Yes,Yes,[]
2026-07-11T12:41:33Z,2026-07-11T12:41:34Z,Yes,valid_no_signal,Yes,Yes,Yes,No,0,0,0,0,0,,Yes,Yes,[]
2026-07-11T14:12:38Z,2026-07-11T14:12:40Z,Yes,valid_no_signal,Yes,Yes,Yes,No,0,0,0,0,0,,Yes,Yes,[]
2026-07-11T15:18:01Z,2026-07-11T15:18:04Z,Yes,valid_no_signal,Yes,Yes,Yes,No,0,0,0,0,0,,Yes,Yes,[]
2026-07-11T16:11:39Z,2026-07-11T16:11:40Z,Yes,valid_no_signal,Yes,Yes,Yes,No,0,0,0,0,0,,Yes,Yes,[]
2026-07-11T17:17:39Z,2026-07-11T17:17:40Z,Yes,valid_no_signal,Yes,Yes,Yes,No,0,0,0,0,0,,Yes,Yes,[]
2026-07-11T18:09:19Z,2026-07-11T18:09:22Z,Yes,valid_no_signal,Yes,Yes,Yes,No,0,0,0,0,0,,Yes,Yes,[]
2026-07-11T19:33:49Z,2026-07-11T19:33:51Z,Yes,valid_no_signal,Yes,Yes,Yes,No,0,0,0,0,0,,Yes,Yes,[]
2026-07-11T20:25:15Z,2026-07-11T20:25:17Z,Yes,valid_no_signal,Yes,Yes,Yes,No,0,0,0,0,0,,Yes,Yes,[]
2026-07-11T21:25:03Z,2026-07-11T21:25:04Z,Yes,valid_no_signal,Yes,Yes,Yes,No,0,0,0,0,0,,Yes,Yes,[]
2026-07-11T22:26:00Z,2026-07-11T22:26:02Z,Yes,valid_no_signal,Yes,Yes,Yes,No,0,0,0,0,0,,Yes,Yes,[]
2026-07-11T23:32:27Z,2026-07-11T23:32:29Z,Yes,valid_no_signal,Yes,Yes,Yes,No,0,0,0,0,0,,Yes,Yes,[]
2026-07-12T01:06:41Z,2026-07-12T01:06:43Z,Yes,valid_no_signal,Yes,Yes,Yes,No,0,0,0,0,0,,Yes,Yes,[]
2026-07-12T04:33:06Z,2026-07-12T04:33:08Z,Yes,valid_no_signal,Yes,Yes,Yes,No,0,0,0,0,0,,Yes,Yes,[]
2026-07-12T07:08:37Z,2026-07-12T07:08:40Z,Yes,valid_no_signal,Yes,Yes,Yes,No,0,0,0,0,0,,Yes,Yes,[]
2026-07-12T09:17:51Z,2026-07-12T09:17:54Z,Yes,valid_no_signal,Yes,Yes,Yes,No,0,0,0,0,0,,Yes,Yes,[]
2026-07-12T10:44:55Z,2026-07-12T10:44:57Z,Yes,valid_no_signal,Yes,Yes,Yes,No,0,0,0,0,0,,Yes,Yes,[]
2026-07-12T11:45:32Z,2026-07-12T11:45:34Z,Yes,valid_no_signal,Yes,Yes,Yes,No,0,0,0,0,0,,Yes,Yes,[]
2026-07-12T12:40:24Z,2026-07-12T12:40:26Z,Yes,valid_no_signal,Yes,Yes,Yes,No,0,0,0,0,0,,Yes,Yes,[]
2026-07-12T14:16:37Z,2026-07-12T14:16:39Z,Yes,valid_no_signal,Yes,Yes,Yes,No,0,0,0,0,0,,Yes,Yes,[]
2026-07-12T15:18:06Z,2026-07-12T15:18:09Z,Yes,valid_no_signal,Yes,Yes,Yes,No,0,0,0,0,0,,Yes,Yes,[]
2026-07-12T16:14:46Z,2026-07-12T16:14:48Z,Yes,valid_no_signal,Yes,Yes,Yes,No,0,0,0,0,0,,Yes,Yes,[]
2026-07-12T17:27:00Z,2026-07-12T17:27:02Z,Yes,valid_no_signal,Yes,Yes,Yes,No,0,0,0,0,0,,Yes,Yes,[]
2026-07-12T18:29:45Z,2026-07-12T18:29:47Z,Yes,valid_no_signal,Yes,Yes,Yes,No,0,0,0,0,0,,Yes,Yes,[]
2026-07-12T19:41:35Z,2026-07-12T19:41:37Z,Yes,valid_no_signal,Yes,Yes,Yes,No,0,0,0,0,0,,Yes,Yes,[]
2026-07-12T20:28:33Z,2026-07-12T20:28:34Z,Yes,valid_no_signal,Yes,Yes,Yes,No,0,0,0,0,0,,Yes,Yes,[]
2026-07-12T21:26:05Z,2026-07-12T21:26:07Z,Yes,valid_no_signal,Yes,Yes,Yes,No,0,0,0,0,0,,Yes,Yes,[]
2026-07-12T22:26:26Z,2026-07-12T22:26:28Z,Yes,valid_no_signal,Yes,Yes,Yes,No,0,0,0,0,0,,Yes,Yes,[]
2026-07-12T23:30:14Z,2026-07-12T23:30:16Z,Yes,valid_no_signal,Yes,Yes,Yes,No,0,0,0,0,0,,Yes,Yes,[]
2026-07-13T04:38:47Z,2026-07-13T04:38:49Z,Yes,valid_no_signal,Yes,Yes,Yes,No,0,0,0,0,0,,Yes,Yes,[]
2026-07-13T07:56:10Z,2026-07-13T07:56:12Z,Yes,valid_no_signal,Yes,Yes,Yes,No,0,0,0,0,0,,Yes,Yes,[]
2026-07-13T11:22:36Z,2026-07-13T11:22:38Z,Yes,valid_no_signal,Yes,Yes,Yes,No,0,0,0,0,0,,Yes,Yes,[]
2026-07-13T13:40:32Z,2026-07-13T13:40:34Z,Yes,valid_no_signal,Yes,Yes,Yes,No,0,0,0,0,0,,Yes,Yes,[]
2026-07-13T16:07:43Z,2026-07-13T16:07:45Z,Yes,valid_no_signal,Yes,Yes,Yes,No,0,0,0,0,0,,Yes,Yes,[]
2026-07-13T18:11:07Z,2026-07-13T18:11:09Z,Yes,valid_no_signal,Yes,Yes,Yes,No,0,0,0,0,0,,Yes,Yes,[]
2026-07-13T19:51:43Z,2026-07-13T19:51:46Z,Yes,valid_no_signal,Yes,Yes,Yes,No,0,0,0,0,0,,Yes,Yes,[]
2026-07-13T20:45:06Z,2026-07-13T20:45:09Z,Yes,valid_no_signal,Yes,Yes,Yes,No,0,0,0,0,0,,Yes,Yes,[]
2026-07-13T21:37:29Z,2026-07-13T21:37:31Z,Yes,valid_no_signal,Yes,Yes,Yes,No,0,0,0,0,0,,Yes,Yes,[]
2026-07-13T22:40:01Z,2026-07-13T22:40:04Z,Yes,valid_no_signal,Yes,Yes,Yes,No,0,0,0,0,0,,Yes,Yes,[]
2026-07-13T23:37:44Z,2026-07-13T23:37:47Z,Yes,valid_no_signal,Yes,Yes,Yes,No,0,0,0,0,0,,Yes,Yes,[]
2026-07-14T01:04:54Z,2026-07-14T01:04:57Z,Yes,valid_no_signal,Yes,Yes,Yes,No,0,0,0,0,0,,Yes,Yes,[]
2026-07-14T04:11:12Z,2026-07-14T04:11:15Z,Yes,valid_no_signal,Yes,Yes,Yes,No,0,0,0,0,0,,Yes,Yes,[]
2026-07-14T06:27:11Z,2026-07-14T06:27:14Z,Yes,valid_no_signal,Yes,Yes,Yes,No,0,0,0,0,0,,Yes,Yes,[]
2026-07-14T08:37:54Z,2026-07-14T08:37:57Z,Yes,valid_no_signal,Yes,Yes,Yes,No,0,0,0,0,0,,Yes,Yes,[]
2026-07-14T10:26:17Z,2026-07-14T10:26:20Z,Yes,valid_no_signal,Yes,Yes,Yes,No,0,0,0,0,0,,Yes,Yes,[]
2026-07-14T11:57:43Z,2026-07-14T11:57:46Z,Yes,valid_no_signal,Yes,Yes,Yes,No,0,0,0,0,0,,Yes,Yes,[]
2026-07-14T14:04:15Z,2026-07-14T14:04:18Z,Yes,valid_no_signal,Yes,Yes,Yes,No,0,0,0,0,0,,Yes,Yes,[]
2026-07-14T15:37:22Z,2026-07-14T15:37:24Z,Yes,valid_no_signal,Yes,Yes,Yes,No,0,0,0,0,0,,Yes,Yes,[]
2026-07-14T16:48:31Z,2026-07-14T16:48:33Z,Yes,valid_no_signal,Yes,Yes,Yes,No,0,0,0,0,0,,Yes,Yes,[]
2026-07-14T17:49:34Z,2026-07-14T17:49:36Z,Yes,valid_no_signal,Yes,Yes,Yes,No,0,0,0,0,0,,Yes,Yes,[]
2026-07-14T18:51:45Z,2026-07-14T18:51:48Z,Yes,valid_no_signal,Yes,Yes,Yes,No,0,0,0,0,0,,Yes,Yes,[]
2026-07-14T20:00:53Z,2026-07-14T20:00:56Z,Yes,valid_no_signal,Yes,Yes,Yes,No,0,0,0,0,0,,Yes,Yes,[]
2026-07-14T21:07:07Z,2026-07-14T21:07:10Z,Yes,valid_no_signal,Yes,Yes,Yes,No,0,0,0,0,0,,Yes,Yes,[]
2026-07-14T22:08:53Z,2026-07-14T22:08:55Z,Yes,valid_no_signal,Yes,Yes,Yes,No,0,0,0,0,0,,Yes,Yes,[]
2026-07-14T23:12:34Z,2026-07-14T23:12:37Z,Yes,valid_no_signal,Yes,Yes,Yes,No,0,0,0,0,0,,Yes,Yes,[]
2026-07-15T00:07:06Z,2026-07-15T00:07:09Z,Yes,valid_no_signal,Yes,Yes,Yes,No,0,0,0,0,0,,Yes,Yes,[]
2026-07-15T03:26:20Z,2026-07-15T03:26:22Z,Yes,valid_no_signal,Yes,Yes,Yes,No,0,0,0,0,0,,Yes,Yes,[]
2026-07-15T05:54:57Z,2026-07-15T05:55:00Z,Yes,valid_no_signal,Yes,Yes,Yes,No,0,0,0,0,0,,Yes,Yes,[]
2026-07-15T08:28:43Z,2026-07-15T08:28:45Z,Yes,valid_no_signal,Yes,Yes,Yes,No,0,0,0,0,0,,Yes,Yes,[]
2026-07-15T10:22:54Z,2026-07-15T10:22:57Z,Yes,valid_no_signal,Yes,Yes,Yes,No,0,0,0,0,0,,Yes,Yes,[]
2026-07-15T12:02:45Z,2026-07-15T12:02:48Z,Yes,valid_no_signal,Yes,Yes,Yes,No,0,0,0,0,0,,Yes,Yes,[]
2026-07-15T14:01:22Z,2026-07-15T14:01:26Z,Yes,valid_no_signal,Yes,Yes,Yes,No,0,0,0,0,0,,Yes,Yes,[]
2026-07-15T15:39:44Z,2026-07-15T15:39:47Z,Yes,valid_no_signal,Yes,Yes,Yes,No,0,0,0,0,0,,Yes,Yes,[]
2026-07-15T16:56:58Z,2026-07-15T16:57:01Z,Yes,valid_no_signal,Yes,Yes,Yes,No,0,0,0,0,0,,Yes,Yes,[]
2026-07-15T18:14:07Z,2026-07-15T18:14:10Z,Yes,valid_no_signal,Yes,Yes,Yes,No,0,0,0,0,0,,Yes,Yes,[]
2026-07-15T19:38:05Z,2026-07-15T19:38:08Z,Yes,valid_no_signal,Yes,Yes,Yes,No,0,0,0,0,0,,Yes,Yes,[]
2026-07-15T20:43:29Z,2026-07-15T20:43:31Z,Yes,valid_no_signal,Yes,Yes,Yes,No,0,0,0,0,0,,Yes,Yes,[]
2026-07-15T21:41:19Z,2026-07-15T21:41:21Z,Yes,valid_no_signal,Yes,Yes,Yes,No,0,0,0,0,0,,Yes,Yes,[]
2026-07-15T22:42:11Z,2026-07-15T22:42:14Z,Yes,valid_no_signal,Yes,Yes,Yes,No,0,0,0,0,0,,Yes,Yes,[]
2026-07-15T23:42:35Z,2026-07-15T23:42:38Z,Yes,valid_no_signal,Yes,Yes,Yes,No,0,0,0,0,0,,Yes,Yes,[]
2026-07-16T01:09:35Z,2026-07-16T01:09:37Z,Yes,valid_no_signal,Yes,Yes,Yes,No,0,0,0,0,0,,Yes,Yes,[]
2026-07-16T04:27:24Z,2026-07-16T04:27:26Z,Yes,valid_no_signal,Yes,Yes,Yes,No,0,0,0,0,0,,Yes,Yes,[]
2026-07-16T07:03:21Z,2026-07-16T07:03:24Z,Yes,valid_no_signal,Yes,Yes,Yes,No,0,0,0,0,0,,Yes,Yes,[]
2026-07-16T09:21:39Z,2026-07-16T09:21:41Z,Yes,valid_no_signal,Yes,Yes,Yes,No,0,0,0,0,0,,Yes,Yes,[]
2026-07-16T11:14:23Z,2026-07-16T11:14:27Z,Yes,valid_no_signal,Yes,Yes,Yes,No,0,0,0,0,0,,Yes,Yes,[]
2026-07-16T12:52:57Z,2026-07-16T12:53:03Z,Yes,valid_no_signal,Yes,Yes,Yes,No,0,0,0,0,0,,Yes,Yes,[]
2026-07-16T15:09:15Z,2026-07-16T15:09:19Z,Yes,valid_no_signal,Yes,Yes,Yes,No,0,0,0,0,0,,Yes,Yes,[]
2026-07-16T16:43:33Z,2026-07-16T16:43:36Z,Yes,valid_no_signal,Yes,Yes,Yes,No,0,0,0,0,0,,Yes,Yes,[]
2026-07-16T17:54:20Z,2026-07-16T17:54:23Z,Yes,valid_no_signal,Yes,Yes,Yes,No,0,0,0,0,0,,Yes,Yes,[]
2026-07-16T19:24:07Z,2026-07-16T19:24:14Z,Yes,valid_no_signal,Yes,Yes,Yes,No,0,0,0,0,0,,Yes,Yes,[]
2026-07-16T20:29:10Z,2026-07-16T20:29:12Z,Yes,valid_no_signal,Yes,Yes,Yes,No,0,0,0,0,0,,Yes,Yes,[]
2026-07-16T22:32:50Z,2026-07-16T22:32:52Z,Yes,valid_no_signal,Yes,Yes,Yes,No,0,0,0,0,0,,Yes,Yes,[]
2026-07-16T23:28:28Z,2026-07-16T23:28:31Z,Yes,valid_no_signal,Yes,Yes,Yes,No,0,0,0,0,0,,Yes,Yes,[]
2026-07-17T01:04:48Z,2026-07-17T01:04:51Z,Yes,valid_no_signal,Yes,Yes,Yes,No,0,0,0,0,0,,Yes,Yes,[]
2026-07-17T06:29:33Z,2026-07-17T06:29:35Z,Yes,valid_no_signal,Yes,Yes,Yes,No,0,0,0,0,0,,Yes,Yes,[]
2026-07-17T08:37:09Z,2026-07-17T08:37:12Z,Yes,valid_no_signal,Yes,Yes,Yes,No,0,0,0,0,0,,Yes,Yes,[]
2026-07-17T10:23:02Z,2026-07-17T10:23:04Z,Yes,valid_no_signal,Yes,Yes,Yes,No,0,0,0,0,0,,Yes,Yes,[]
2026-07-17T11:53:48Z,2026-07-17T11:53:50Z,Yes,valid_no_signal,Yes,Yes,Yes,No,0,0,0,0,0,,Yes,Yes,[]
2026-07-17T13:56:18Z,2026-07-17T13:56:21Z,Yes,valid_no_signal,Yes,Yes,Yes,No,0,0,0,0,0,,Yes,Yes,[]
2026-07-17T15:20:11Z,2026-07-17T15:20:13Z,Yes,valid_no_signal,Yes,Yes,Yes,No,0,0,0,0,0,,Yes,Yes,[]
2026-07-17T16:36:20Z,2026-07-17T16:36:23Z,Yes,valid_no_signal,Yes,Yes,Yes,No,0,0,0,0,0,,Yes,Yes,[]
2026-07-17T17:42:14Z,2026-07-17T17:42:17Z,Yes,valid_no_signal,Yes,Yes,Yes,No,0,0,0,0,0,,Yes,Yes,[]
2026-07-17T18:42:12Z,2026-07-17T18:42:15Z,Yes,valid_no_signal,Yes,Yes,Yes,No,0,0,0,0,0,,Yes,Yes,[]
2026-07-17T19:50:31Z,2026-07-17T19:50:34Z,Yes,valid_no_signal,Yes,Yes,Yes,No,0,0,0,0,0,,Yes,Yes,[]
2026-07-17T20:38:11Z,2026-07-17T20:38:14Z,Yes,valid_no_signal,Yes,Yes,Yes,No,0,0,0,0,0,,Yes,Yes,[]
2026-07-17T21:36:10Z,2026-07-17T21:36:13Z,Yes,valid_no_signal,Yes,Yes,Yes,No,0,0,0,0,0,,Yes,Yes,[]
2026-07-17T22:27:22Z,2026-07-17T22:27:24Z,Yes,valid_no_signal,Yes,Yes,Yes,No,0,0,0,0,0,,Yes,Yes,[]
2026-07-17T23:28:08Z,2026-07-17T23:28:11Z,Yes,valid_no_signal,Yes,Yes,Yes,No,0,0,0,0,0,,Yes,Yes,[]
2026-07-18T00:58:45Z,2026-07-18T00:58:48Z,Yes,valid_no_signal,Yes,Yes,Yes,No,0,0,0,0,0,,Yes,Yes,[]
2026-07-18T04:06:38Z,2026-07-18T04:06:40Z,Yes,valid_no_signal,Yes,Yes,Yes,No,0,0,0,0,0,,Yes,Yes,[]
2026-07-18T06:14:36Z,2026-07-18T06:14:38Z,Yes,valid_no_signal,Yes,Yes,Yes,No,0,0,0,0,0,,Yes,Yes,[]
2026-07-18T08:10:33Z,2026-07-18T08:10:36Z,Yes,valid_no_signal,Yes,Yes,Yes,No,0,0,0,0,0,,Yes,Yes,[]
2026-07-18T09:48:01Z,2026-07-18T09:48:04Z,Yes,valid_no_signal,Yes,Yes,Yes,No,0,0,0,0,0,,Yes,Yes,[]
2026-07-18T10:50:26Z,2026-07-18T10:50:29Z,Yes,valid_no_signal,Yes,Yes,Yes,No,0,0,0,0,0,,Yes,Yes,[]
2026-07-18T11:39:13Z,2026-07-18T11:39:15Z,Yes,valid_no_signal,Yes,Yes,Yes,No,0,0,0,0,0,,Yes,Yes,[]
2026-07-18T12:39:27Z,2026-07-18T12:39:30Z,Yes,valid_no_signal,Yes,Yes,Yes,No,0,0,0,0,0,,Yes,Yes,[]
2026-07-18T14:10:38Z,2026-07-18T14:10:40Z,Yes,valid_no_signal,Yes,Yes,Yes,No,0,0,0,0,0,,Yes,Yes,[]
2026-07-18T15:16:51Z,2026-07-18T15:16:53Z,Yes,valid_no_signal,Yes,Yes,Yes,No,0,0,0,0,0,,Yes,Yes,[]
2026-07-18T16:12:08Z,2026-07-18T16:12:11Z,Yes,valid_no_signal,Yes,Yes,Yes,No,0,0,0,0,0,,Yes,Yes,[]
2026-07-18T17:16:34Z,2026-07-18T17:16:36Z,Yes,valid_no_signal,Yes,Yes,Yes,No,0,0,0,0,0,,Yes,Yes,[]
2026-07-18T18:09:40Z,2026-07-18T18:09:42Z,Yes,valid_no_signal,Yes,Yes,Yes,No,0,0,0,0,0,,Yes,Yes,[]
2026-07-18T19:34:27Z,2026-07-18T19:34:29Z,Yes,valid_no_signal,Yes,Yes,Yes,No,0,0,0,0,0,,Yes,Yes,[]
2026-07-18T20:23:08Z,2026-07-18T20:23:11Z,Yes,valid_no_signal,Yes,Yes,Yes,No,0,0,0,0,0,,Yes,Yes,[]
2026-07-18T21:27:00Z,2026-07-18T21:27:04Z,Yes,valid_no_signal,Yes,Yes,Yes,No,0,0,0,0,0,,Yes,Yes,[]
2026-07-18T22:26:02Z,2026-07-18T22:26:04Z,Yes,valid_no_signal,Yes,Yes,Yes,No,0,0,0,0,0,,Yes,Yes,[]
2026-07-18T23:29:33Z,2026-07-18T23:29:35Z,Yes,valid_no_signal,Yes,Yes,Yes,No,0,0,0,0,0,,Yes,Yes,[]
2026-07-19T01:03:44Z,2026-07-19T01:03:47Z,Yes,valid_no_signal,Yes,Yes,Yes,No,0,0,0,0,0,,Yes,Yes,[]
2026-07-19T04:28:32Z,2026-07-19T04:28:34Z,Yes,valid_no_signal,Yes,Yes,Yes,No,0,0,0,0,0,,Yes,Yes,[]
2026-07-19T07:07:26Z,2026-07-19T07:07:28Z,Yes,valid_no_signal,Yes,Yes,Yes,No,0,0,0,0,0,,Yes,Yes,[]
2026-07-19T09:13:04Z,2026-07-19T09:13:06Z,Yes,valid_no_signal,Yes,Yes,Yes,No,0,0,0,0,0,,Yes,Yes,[]
2026-07-19T10:45:08Z,2026-07-19T10:45:11Z,Yes,valid_no_signal,Yes,Yes,Yes,No,0,0,0,0,0,,Yes,Yes,[]
2026-07-19T11:44:02Z,2026-07-19T11:44:04Z,Yes,valid_no_signal,Yes,Yes,Yes,No,0,0,0,0,0,,Yes,Yes,[]
2026-07-19T12:38:24Z,2026-07-19T12:38:27Z,Yes,valid_no_signal,Yes,Yes,Yes,No,0,0,0,0,0,,Yes,Yes,[]
2026-07-19T14:14:36Z,2026-07-19T14:14:39Z,Yes,valid_no_signal,Yes,Yes,Yes,No,0,0,0,0,0,,Yes,Yes,[]
2026-07-19T15:16:56Z,2026-07-19T15:16:58Z,Yes,valid_no_signal,Yes,Yes,Yes,No,0,0,0,0,0,,Yes,Yes,[]
2026-07-19T16:12:30Z,2026-07-19T16:12:33Z,Yes,valid_no_signal,Yes,Yes,Yes,No,0,0,0,0,0,,Yes,Yes,[]
2026-07-19T17:18:28Z,2026-07-19T17:18:30Z,Yes,valid_no_signal,Yes,Yes,Yes,No,0,0,0,0,0,,Yes,Yes,[]
2026-07-19T18:10:35Z,2026-07-19T18:10:38Z,Yes,valid_no_signal,Yes,Yes,Yes,No,0,0,0,0,0,,Yes,Yes,[]
2026-07-19T19:34:30Z,2026-07-19T19:34:33Z,Yes,valid_no_signal,Yes,Yes,Yes,No,0,0,0,0,0,,Yes,Yes,[]
2026-07-19T20:25:11Z,2026-07-19T20:25:14Z,Yes,valid_no_signal,Yes,Yes,Yes,No,0,0,0,0,0,,Yes,Yes,[]
2026-07-19T21:27:35Z,2026-07-19T21:27:37Z,Yes,valid_no_signal,Yes,Yes,Yes,No,0,0,0,0,0,,Yes,Yes,[]
2026-07-19T22:27:57Z,2026-07-19T22:27:59Z,Yes,valid_no_signal,Yes,Yes,Yes,No,0,0,0,0,0,,Yes,Yes,[]
2026-07-19T23:31:50Z,2026-07-19T23:31:53Z,Yes,valid_no_signal,Yes,Yes,Yes,No,0,0,0,0,0,,Yes,Yes,[]
2026-07-20T01:06:54Z,2026-07-20T01:06:57Z,Yes,valid_no_signal,Yes,Yes,Yes,No,0,0,0,0,0,,Yes,Yes,[]
2026-07-20T04:47:10Z,2026-07-20T04:47:12Z,Yes,valid_no_signal,Yes,Yes,Yes,No,0,0,0,0,0,,Yes,Yes,[]
2026-07-20T07:46:17Z,2026-07-20T07:46:19Z,Yes,valid_no_signal,Yes,Yes,Yes,No,0,0,0,0,0,,Yes,Yes,[]
2026-07-20T10:32:03Z,2026-07-20T10:32:06Z,Yes,valid_no_signal,Yes,Yes,Yes,No,0,0,0,0,0,,Yes,Yes,[]
2026-07-20T12:34:07Z,2026-07-20T12:34:09Z,Yes,valid_no_signal,Yes,Yes,Yes,No,0,0,0,0,0,,Yes,Yes,[]
2026-07-20T14:50:42Z,2026-07-20T14:50:45Z,Yes,valid_no_signal,Yes,Yes,Yes,No,0,0,0,0,0,,Yes,Yes,[]
2026-07-20T16:16:45Z,2026-07-20T16:16:47Z,Yes,valid_no_signal,Yes,Yes,Yes,No,0,0,0,0,0,,Yes,Yes,[]
2026-07-20T18:21:49Z,2026-07-20T18:21:51Z,Yes,valid_no_signal,Yes,Yes,Yes,No,0,0,0,0,0,,Yes,Yes,[]
2026-07-20T20:00:23Z,2026-07-20T20:00:26Z,Yes,valid_no_signal,Yes,Yes,Yes,No,0,0,0,0,0,,Yes,Yes,[]
2026-07-20T21:17:35Z,2026-07-20T21:17:37Z,Yes,valid_no_signal,Yes,Yes,Yes,No,0,0,0,0,0,,Yes,Yes,[]
2026-07-20T22:14:51Z,2026-07-20T22:14:54Z,Yes,valid_no_signal,Yes,Yes,Yes,No,0,0,0,0,0,,Yes,Yes,[]
2026-07-20T23:16:40Z,2026-07-20T23:16:42Z,Yes,valid_no_signal,Yes,Yes,Yes,No,0,0,0,0,0,,Yes,Yes,[]
2026-07-21T00:12:29Z,2026-07-21T00:12:31Z,Yes,valid_no_signal,Yes,Yes,Yes,No,0,0,0,0,0,,Yes,Yes,[]
2026-07-21T03:48:50Z,2026-07-21T03:48:53Z,Yes,valid_no_signal,Yes,Yes,Yes,No,0,0,0,0,0,,Yes,Yes,[]
2026-07-21T06:17:40Z,2026-07-21T06:17:42Z,Yes,valid_no_signal,Yes,Yes,Yes,No,0,0,0,0,0,,Yes,Yes,[]
2026-07-21T08:47:31Z,2026-07-21T08:47:33Z,Yes,valid_no_signal,Yes,Yes,Yes,No,0,0,0,0,0,,Yes,Yes,[]
2026-07-21T10:51:35Z,2026-07-21T10:51:40Z,Yes,valid_no_signal,Yes,Yes,Yes,No,0,0,0,0,0,,Yes,Yes,[]
2026-07-21T12:14:31Z,2026-07-21T12:14:34Z,Yes,valid_no_signal,Yes,Yes,Yes,No,0,0,0,0,0,,Yes,Yes,[]
2026-07-21T14:25:36Z,2026-07-21T14:25:38Z,Yes,valid_no_signal,Yes,Yes,Yes,No,0,0,0,0,0,,Yes,Yes,[]
2026-07-21T16:04:29Z,2026-07-21T16:04:31Z,Yes,valid_no_signal,Yes,Yes,Yes,No,0,0,0,0,0,,Yes,Yes,[]
2026-07-21T17:38:55Z,2026-07-21T17:38:57Z,Yes,valid_no_signal,Yes,Yes,Yes,No,0,0,0,0,0,,Yes,Yes,[]
2026-07-21T18:57:36Z,2026-07-21T18:57:39Z,Yes,valid_no_signal,Yes,Yes,Yes,No,0,0,0,0,0,,Yes,Yes,[]
2026-07-21T20:22:02Z,2026-07-21T20:22:04Z,Yes,valid_no_signal,Yes,Yes,Yes,No,0,0,0,0,0,,Yes,Yes,[]
2026-07-21T21:36:22Z,2026-07-21T21:36:25Z,Yes,valid_no_signal,Yes,Yes,Yes,No,0,0,0,0,0,,Yes,Yes,[]
2026-07-21T22:30:23Z,2026-07-21T22:30:25Z,Yes,valid_no_signal,Yes,Yes,Yes,No,0,0,0,0,0,,Yes,Yes,[]
2026-07-21T23:31:57Z,2026-07-21T23:32:00Z,Yes,valid_no_signal,Yes,Yes,Yes,No,0,0,0,0,0,,Yes,Yes,[]
2026-07-22T00:58:49Z,2026-07-22T00:58:51Z,Yes,valid_no_signal,Yes,Yes,Yes,No,0,0,0,0,0,,Yes,Yes,[]
2026-07-22T04:22:52Z,2026-07-22T04:22:55Z,Yes,valid_no_signal,Yes,Yes,Yes,No,0,0,0,0,0,,Yes,Yes,[]
2026-07-22T07:14:54Z,2026-07-22T07:14:57Z,Yes,valid_no_signal,Yes,Yes,Yes,No,0,0,0,0,0,,Yes,Yes,[]
2026-07-22T09:40:22Z,2026-07-22T09:40:25Z,Yes,valid_no_signal,Yes,Yes,Yes,No,0,0,0,0,0,,Yes,Yes,[]
2026-07-22T11:31:15Z,2026-07-22T11:31:18Z,Yes,valid_no_signal,Yes,Yes,Yes,No,0,0,0,0,0,,Yes,Yes,[]
2026-07-22T13:04:50Z,2026-07-22T13:04:55Z,Yes,valid_no_signal,Yes,Yes,Yes,No,0,0,0,0,0,,Yes,Yes,[]
2026-07-22T15:09:56Z,2026-07-22T15:09:59Z,Yes,valid_no_signal,Yes,Yes,Yes,No,0,0,0,0,0,,Yes,Yes,[]
2026-07-22T16:49:32Z,2026-07-22T16:49:34Z,Yes,valid_no_signal,Yes,Yes,Yes,No,0,0,0,0,0,,Yes,Yes,[]
2026-07-22T17:56:30Z,2026-07-22T17:56:32Z,Yes,valid_no_signal,Yes,Yes,Yes,No,0,0,0,0,0,,Yes,Yes,[]
2026-07-22T19:37:59Z,2026-07-22T19:38:01Z,Yes,valid_no_signal,Yes,Yes,Yes,No,0,0,0,0,0,,Yes,Yes,[]
2026-07-22T20:52:06Z,2026-07-22T20:52:09Z,Yes,valid_no_signal,Yes,Yes,Yes,No,0,0,0,0,0,,Yes,Yes,[]
2026-07-22T21:54:28Z,2026-07-22T21:54:32Z,Yes,valid_no_signal,Yes,Yes,Yes,No,0,0,0,0,0,,Yes,Yes,[]
2026-07-22T22:44:04Z,2026-07-22T22:44:06Z,Yes,valid_no_signal,Yes,Yes,Yes,No,0,0,0,0,0,,Yes,Yes,[]
2026-07-22T23:43:53Z,2026-07-22T23:43:56Z,Yes,valid_no_signal,Yes,Yes,Yes,No,0,0,0,0,0,,Yes,Yes,[]
2026-07-23T04:36:27Z,2026-07-23T04:36:30Z,Yes,valid_no_signal,Yes,Yes,Yes,No,0,0,0,0,0,,Yes,Yes,[]
2026-07-23T07:12:52Z,2026-07-23T07:12:55Z,Yes,valid_no_signal,Yes,Yes,Yes,No,0,0,0,0,0,,Yes,Yes,[]
2026-07-23T09:38:37Z,2026-07-23T09:38:39Z,Yes,valid_no_signal,Yes,Yes,Yes,No,0,0,0,0,0,,Yes,Yes,[]
2026-07-23T11:34:22Z,2026-07-23T11:34:24Z,Yes,valid_no_signal,Yes,Yes,Yes,No,0,0,0,0,0,,Yes,Yes,[]
2026-07-23T15:20:26Z,2026-07-23T15:20:29Z,Yes,valid_no_signal,Yes,Yes,Yes,No,0,0,0,0,0,,Yes,Yes,[]
2026-07-23T16:50:04Z,2026-07-23T16:50:07Z,Yes,valid_no_signal,Yes,Yes,Yes,No,0,0,0,0,0,,Yes,Yes,[]
2026-07-23T18:02:42Z,2026-07-23T18:02:44Z,Yes,valid_no_signal,Yes,Yes,Yes,No,0,0,0,0,0,,Yes,Yes,[]
2026-07-23T19:38:02Z,2026-07-23T19:38:05Z,Yes,valid_no_signal,Yes,Yes,Yes,No,0,0,0,0,0,,Yes,Yes,[]
2026-07-23T20:44:13Z,2026-07-23T20:44:15Z,Yes,valid_no_signal,Yes,Yes,Yes,No,0,0,0,0,0,,Yes,Yes,[]
2026-07-23T21:45:59Z,2026-07-23T21:46:01Z,Yes,valid_no_signal,Yes,Yes,Yes,No,0,0,0,0,0,,Yes,Yes,[]
2026-07-23T22:39:29Z,2026-07-23T22:39:34Z,Yes,valid_no_signal,Yes,Yes,Yes,No,0,0,0,0,0,,Yes,Yes,[]
2026-07-23T23:42:27Z,2026-07-23T23:42:29Z,Yes,valid_no_signal,Yes,Yes,Yes,No,0,0,0,0,0,,Yes,Yes,[]
2026-07-24T01:11:48Z,2026-07-24T01:11:53Z,Yes,valid_no_signal,Yes,Yes,Yes,No,0,0,0,0,0,,Yes,Yes,[]
2026-07-24T04:34:34Z,2026-07-24T04:34:36Z,Yes,valid_no_signal,Yes,Yes,Yes,No,0,0,0,0,0,,Yes,Yes,[]
2026-07-24T07:12:45Z,2026-07-24T07:12:48Z,Yes,valid_no_signal,Yes,Yes,Yes,No,0,0,0,0,0,,Yes,Yes,[]
2026-07-24T09:35:57Z,2026-07-24T09:36:00Z,Yes,valid_no_signal,Yes,Yes,Yes,No,0,0,0,0,0,,Yes,Yes,[]
2026-07-24T11:20:20Z,2026-07-24T11:20:24Z,Yes,valid_no_signal,Yes,Yes,Yes,No,0,0,0,0,0,,Yes,Yes,[]
2026-07-24T12:48:52Z,2026-07-24T12:48:55Z,Yes,valid_no_signal,Yes,Yes,Yes,No,0,0,0,0,0,,Yes,Yes,[]
2026-07-24T14:27:29Z,2026-07-24T14:27:34Z,Yes,valid_no_signal,Yes,Yes,Yes,No,0,0,0,0,0,,Yes,Yes,[]
2026-07-24T15:57:54Z,2026-07-24T15:57:58Z,Yes,valid_no_signal,Yes,Yes,Yes,No,0,0,0,0,0,,Yes,Yes,[]
2026-07-24T17:44:53Z,2026-07-24T17:44:57Z,Yes,valid_no_signal,Yes,Yes,Yes,No,0,0,0,0,0,,Yes,Yes,[]
2026-07-24T19:04:53Z,2026-07-24T19:04:55Z,Yes,valid_no_signal,Yes,Yes,Yes,No,0,0,0,0,0,,Yes,Yes,[]
2026-07-24T20:36:44Z,2026-07-24T20:36:47Z,Yes,valid_no_signal,Yes,Yes,Yes,No,0,0,0,0,0,,Yes,Yes,[]
2026-07-24T21:41:30Z,2026-07-24T21:41:32Z,Yes,valid_no_signal,Yes,Yes,Yes,No,0,0,0,0,0,,Yes,Yes,[]
2026-07-24T22:44:33Z,2026-07-24T22:44:35Z,Yes,valid_no_signal,Yes,Yes,Yes,No,0,0,0,0,0,,Yes,Yes,[]
2026-07-24T23:45:16Z,2026-07-24T23:45:18Z,Yes,valid_no_signal,Yes,Yes,Yes,No,0,0,0,0,0,,Yes,Yes,[]
2026-07-25T01:12:39Z,2026-07-25T01:12:41Z,Yes,valid_no_signal,Yes,Yes,Yes,No,0,0,0,0,0,,Yes,Yes,[]
2026-07-25T04:30:33Z,2026-07-25T04:30:36Z,Yes,valid_no_signal,Yes,Yes,Yes,No,0,0,0,0,0,,Yes,Yes,[]
2026-07-25T06:40:58Z,2026-07-25T06:41:02Z,Yes,valid_no_signal,Yes,Yes,Yes,No,0,0,0,0,0,,Yes,Yes,[]
2026-07-25T08:52:41Z,2026-07-25T08:52:43Z,Yes,valid_no_signal,Yes,Yes,Yes,No,0,0,0,0,0,,Yes,Yes,[]
2026-07-25T10:39:41Z,2026-07-25T10:39:43Z,Yes,valid_no_signal,Yes,Yes,Yes,No,0,0,0,0,0,,Yes,Yes,[]
2026-07-25T11:50:16Z,2026-07-25T11:50:18Z,Yes,valid_no_signal,Yes,Yes,Yes,No,0,0,0,0,0,,Yes,Yes,[]
2026-07-25T12:48:02Z,2026-07-25T12:48:04Z,Yes,valid_no_signal,Yes,Yes,Yes,No,0,0,0,0,0,,Yes,Yes,[]
2026-07-25T14:20:26Z,2026-07-25T14:20:29Z,Yes,valid_no_signal,Yes,Yes,Yes,No,0,0,0,0,0,,Yes,Yes,[]
2026-07-25T15:31:48Z,2026-07-25T15:31:54Z,Yes,valid_no_signal,Yes,Yes,Yes,No,0,0,0,0,0,,Yes,Yes,[]
2026-07-25T16:27:04Z,2026-07-25T16:27:07Z,Yes,valid_no_signal,Yes,Yes,Yes,No,0,0,0,0,0,,Yes,Yes,[]
2026-07-25T17:33:14Z,2026-07-25T17:33:17Z,Yes,valid_no_signal,Yes,Yes,Yes,No,0,0,0,0,0,,Yes,Yes,[]
2026-07-25T18:32:05Z,2026-07-25T18:32:08Z,Yes,valid_no_signal,Yes,Yes,Yes,No,0,0,0,0,0,,Yes,Yes,[]
2026-07-25T19:46:14Z,2026-07-25T19:46:16Z,Yes,valid_no_signal,Yes,Yes,Yes,No,0,0,0,0,0,,Yes,Yes,[]
2026-07-25T20:34:10Z,2026-07-25T20:34:12Z,Yes,valid_no_signal,Yes,Yes,Yes,No,0,0,0,0,0,,Yes,Yes,[]
2026-07-25T21:28:36Z,2026-07-25T21:28:38Z,Yes,valid_no_signal,Yes,Yes,Yes,No,0,0,0,0,0,,Yes,Yes,[]
2026-07-25T22:29:31Z,2026-07-25T22:29:34Z,Yes,valid_no_signal,Yes,Yes,Yes,No,0,0,0,0,0,,Yes,Yes,[]
2026-07-25T23:33:32Z,2026-07-25T23:33:35Z,Yes,valid_no_signal,Yes,Yes,Yes,No,0,0,0,0,0,,Yes,Yes,[]
2026-07-26T01:09:22Z,2026-07-26T01:09:25Z,Yes,valid_no_signal,Yes,Yes,Yes,No,0,0,0,0,0,,Yes,Yes,[]
2026-07-26T04:44:37Z,2026-07-26T04:44:39Z,Yes,valid_no_signal,Yes,Yes,Yes,No,0,0,0,0,0,,Yes,Yes,[]
2026-07-26T07:25:11Z,2026-07-26T07:25:15Z,Yes,valid_no_signal,Yes,Yes,Yes,No,0,0,0,0,0,,Yes,Yes,[]
2026-07-26T09:35:09Z,2026-07-26T09:35:12Z,Yes,valid_no_signal,Yes,Yes,Yes,No,0,0,0,0,0,,Yes,Yes,[]
2026-07-26T11:05:06Z,2026-07-26T11:05:08Z,Yes,valid_no_signal,Yes,Yes,Yes,No,0,0,0,0,0,,Yes,Yes,[]
2026-07-26T12:11:15Z,2026-07-26T12:11:17Z,Yes,valid_no_signal,Yes,Yes,Yes,No,0,0,0,0,0,,Yes,Yes,[]
2026-07-26T13:59:52Z,2026-07-26T13:59:54Z,Yes,valid_no_signal,Yes,Yes,Yes,No,0,0,0,0,0,,Yes,Yes,[]
2026-07-26T15:11:51Z,2026-07-26T15:11:54Z,Yes,valid_no_signal,Yes,Yes,Yes,No,0,0,0,0,0,,Yes,Yes,[]
2026-07-26T16:15:24Z,2026-07-26T16:15:27Z,Yes,valid_no_signal,Yes,Yes,Yes,No,0,0,0,0,0,,Yes,Yes,[]
2026-07-26T17:18:34Z,2026-07-26T17:18:36Z,Yes,valid_no_signal,Yes,Yes,Yes,No,0,0,0,0,0,,Yes,Yes,[]
2026-07-26T18:14:15Z,2026-07-26T18:14:18Z,Yes,valid_no_signal,Yes,Yes,Yes,No,0,0,0,0,0,,Yes,Yes,[]
2026-07-26T19:36:59Z,2026-07-26T19:37:01Z,Yes,valid_no_signal,Yes,Yes,Yes,No,0,0,0,0,0,,Yes,Yes,[]
2026-07-26T20:32:50Z,2026-07-26T20:32:52Z,Yes,valid_no_signal,Yes,Yes,Yes,No,0,0,0,0,0,,Yes,Yes,[]
2026-07-26T21:29:30Z,2026-07-26T21:29:32Z,Yes,valid_no_signal,Yes,Yes,Yes,No,0,0,0,0,0,,Yes,Yes,[]
2026-07-26T22:31:52Z,2026-07-26T22:31:54Z,Yes,valid_no_signal,Yes,Yes,Yes,No,0,0,0,0,0,,Yes,Yes,[]
2026-07-26T23:31:38Z,2026-07-26T23:31:40Z,Yes,valid_no_signal,Yes,Yes,Yes,No,0,0,0,0,0,,Yes,Yes,[]
2026-07-27T04:54:40Z,2026-07-27T04:54:42Z,Yes,valid_no_signal,Yes,Yes,Yes,No,0,0,0,0,0,,Yes,Yes,[]
2026-07-27T08:39:13Z,2026-07-27T08:39:16Z,Yes,valid_no_signal,Yes,Yes,Yes,No,0,0,0,0,0,,Yes,Yes,[]
2026-07-27T11:59:18Z,2026-07-27T11:59:20Z,Yes,valid_no_signal,Yes,Yes,Yes,No,0,0,0,0,0,,Yes,Yes,[]
2026-07-27T14:54:25Z,2026-07-27T14:54:27Z,Yes,valid_no_signal,Yes,Yes,Yes,No,0,0,0,0,0,,Yes,Yes,[]
2026-07-27T17:04:49Z,2026-07-27T17:04:52Z,Yes,valid_no_signal,Yes,Yes,Yes,No,0,0,0,0,0,,Yes,Yes,[]
2026-07-27T18:42:10Z,2026-07-27T18:42:13Z,Yes,valid_no_signal,Yes,Yes,Yes,No,0,0,0,0,0,,Yes,Yes,[]
2026-07-27T20:09:26Z,2026-07-27T20:09:28Z,Yes,valid_no_signal,Yes,Yes,Yes,No,0,0,0,0,0,,Yes,Yes,[]
2026-07-27T21:31:09Z,2026-07-27T21:31:11Z,Yes,valid_no_signal,Yes,Yes,Yes,No,0,0,0,0,0,,Yes,Yes,[]
2026-07-27T22:35:28Z,2026-07-27T22:35:31Z,Yes,valid_no_signal,Yes,Yes,Yes,No,0,0,0,0,0,,Yes,Yes,[]
2026-07-27T23:39:33Z,2026-07-27T23:39:37Z,Yes,valid_no_signal,Yes,Yes,Yes,No,0,0,0,0,0,,Yes,Yes,[]
2026-07-28T01:06:48Z,2026-07-28T01:06:51Z,Yes,valid_no_signal,Yes,Yes,Yes,No,0,0,0,0,0,,Yes,Yes,[]
2026-07-28T04:20:46Z,2026-07-28T04:20:49Z,Yes,valid_no_signal,Yes,Yes,Yes,No,0,0,0,0,0,,Yes,Yes,[]
2026-07-28T06:44:54Z,2026-07-28T06:44:57Z,Yes,valid_no_signal,Yes,Yes,Yes,No,0,0,0,0,0,,Yes,Yes,[]
2026-07-28T09:27:55Z,2026-07-28T09:27:58Z,Yes,valid_no_signal,Yes,Yes,Yes,No,0,0,0,0,0,,Yes,Yes,[]
2026-07-28T11:36:47Z,2026-07-28T11:36:50Z,Yes,valid_no_signal,Yes,Yes,Yes,No,0,0,0,0,0,,Yes,Yes,[]
2026-07-28T13:15:39Z,2026-07-28T13:15:44Z,Yes,valid_no_signal,Yes,Yes,Yes,No,0,0,0,0,0,,Yes,Yes,[]
2026-07-28T15:36:31Z,2026-07-28T15:36:34Z,Yes,valid_no_signal,Yes,Yes,Yes,No,0,0,0,0,0,,Yes,Yes,[]
2026-07-28T17:04:45Z,2026-07-28T17:04:48Z,Yes,valid_no_signal,Yes,Yes,Yes,No,0,0,0,0,0,,Yes,Yes,[]
2026-07-28T18:21:48Z,2026-07-28T18:21:50Z,Yes,valid_no_signal,Yes,Yes,Yes,No,0,0,0,0,0,,Yes,Yes,[]
2026-07-28T19:56:24Z,2026-07-28T19:56:26Z,Yes,valid_no_signal,Yes,Yes,Yes,No,0,0,0,0,0,,Yes,Yes,[]
2026-07-28T21:15:40Z,2026-07-28T21:15:43Z,Yes,valid_no_signal,Yes,Yes,Yes,No,0,0,0,0,0,,Yes,Yes,[]
2026-07-28T22:18:08Z,2026-07-28T22:18:11Z,Yes,valid_no_signal,Yes,Yes,Yes,No,0,0,0,0,0,,Yes,Yes,[]
2026-07-28T23:17:38Z,2026-07-28T23:17:40Z,Yes,valid_no_signal,Yes,Yes,Yes,No,0,0,0,0,0,,Yes,Yes,[]
2026-07-29T00:10:51Z,2026-07-29T00:10:53Z,Yes,valid_no_signal,Yes,Yes,Yes,No,0,0,0,0,0,,Yes,Yes,[]
2026-07-29T03:43:37Z,2026-07-29T03:43:40Z,Yes,valid_no_signal,Yes,Yes,Yes,No,0,0,0,0,0,,Yes,Yes,[]
2026-07-29T06:19:56Z,2026-07-29T06:19:58Z,Yes,valid_no_signal,Yes,Yes,Yes,No,0,0,0,0,0,,Yes,Yes,[]
2026-07-29T09:14:44Z,2026-07-29T09:14:46Z,Yes,valid_no_signal,Yes,Yes,Yes,No,0,0,0,0,0,,Yes,Yes,[]
2026-07-29T11:34:52Z,2026-07-29T11:34:54Z,Yes,valid_no_signal,Yes,Yes,Yes,No,0,0,0,0,0,,Yes,Yes,[]
2026-07-29T13:17:32Z,2026-07-29T13:17:34Z,Yes,valid_no_signal,Yes,Yes,Yes,No,0,0,0,0,0,,Yes,Yes,[]
2026-07-29T15:33:22Z,2026-07-29T15:33:25Z,Yes,valid_no_signal,Yes,Yes,Yes,No,0,0,0,0,0,,Yes,Yes,[]
2026-07-29T16:41:02Z,2026-07-29T16:41:04Z,Yes,valid_no_signal,Yes,Yes,Yes,No,0,0,0,0,0,,Yes,Yes,[]
2026-07-29T17:58:05Z,2026-07-29T17:58:08Z,Yes,valid_no_signal,Yes,Yes,Yes,No,0,0,0,0,0,,Yes,Yes,[]
2026-07-29T19:35:52Z,2026-07-29T19:35:54Z,Yes,valid_no_signal,Yes,Yes,Yes,No,0,0,0,0,0,,Yes,Yes,[]
2026-07-29T20:32:34Z,2026-07-29T20:32:36Z,Yes,valid_no_signal,Yes,Yes,Yes,No,0,0,0,0,0,,Yes,Yes,[]
2026-07-29T21:28:39Z,2026-07-29T21:28:41Z,Yes,valid_no_signal,Yes,Yes,Yes,No,0,0,0,0,0,,Yes,Yes,[]
2026-07-29T22:31:07Z,2026-07-29T22:31:10Z,Yes,valid_no_signal,Yes,Yes,Yes,No,0,0,0,0,0,,Yes,Yes,[]
2026-07-29T23:33:46Z,2026-07-29T23:33:48Z,Yes,valid_no_signal,Yes,Yes,Yes,No,0,0,0,0,0,,Yes,Yes,[]
2026-07-30T00:56:18Z,2026-07-30T00:56:21Z,Yes,valid_no_signal,Yes,Yes,Yes,No,0,0,0,0,0,,Yes,Yes,[]
2026-07-30T04:12:21Z,2026-07-30T04:12:23Z,Yes,valid_no_signal,Yes,Yes,Yes,No,0,0,0,0,0,,Yes,Yes,[]
2026-07-30T06:43:34Z,2026-07-30T06:43:37Z,Yes,valid_no_signal,Yes,Yes,Yes,No,0,0,0,0,0,,Yes,Yes,[]
2026-07-30T09:19:40Z,2026-07-30T09:19:43Z,Yes,valid_no_signal,Yes,Yes,Yes,No,0,0,0,0,0,,Yes,Yes,[]
2026-07-30T11:23:15Z,2026-07-30T11:23:17Z,Yes,valid_no_signal,Yes,Yes,Yes,No,0,0,0,0,0,,Yes,Yes,[]
2026-07-30T13:09:02Z,2026-07-30T13:09:04Z,Yes,valid_no_signal,Yes,Yes,Yes,No,0,0,0,0,0,,Yes,Yes,[]
2026-07-30T15:24:38Z,2026-07-30T15:24:41Z,Yes,valid_no_signal,Yes,Yes,Yes,No,0,0,0,0,0,,Yes,Yes,[]
2026-07-30T17:04:27Z,2026-07-30T17:04:29Z,Yes,valid_no_signal,Yes,Yes,Yes,No,0,0,0,0,0,,Yes,Yes,[]
2026-07-30T18:25:10Z,2026-07-30T18:25:13Z,Yes,valid_no_signal,Yes,Yes,Yes,No,0,0,0,0,0,,Yes,Yes,[]
2026-07-30T20:03:53Z,2026-07-30T20:03:55Z,Yes,valid_no_signal,Yes,Yes,Yes,No,0,0,0,0,0,,Yes,Yes,[]
2026-07-30T21:19:07Z,2026-07-30T21:19:09Z,Yes,valid_no_signal,Yes,Yes,Yes,No,0,0,0,0,0,,Yes,Yes,[]
2026-07-30T22:29:25Z,2026-07-30T22:29:28Z,Yes,valid_no_signal,Yes,Yes,Yes,No,0,0,0,0,0,,Yes,Yes,[]
2026-07-30T23:34:23Z,2026-07-30T23:34:25Z,Yes,valid_no_signal,Yes,Yes,Yes,No,0,0,0,0,0,,Yes,Yes,[]
2026-07-31T01:07:58Z,2026-07-31T01:08:01Z,Yes,valid_no_signal,Yes,Yes,Yes,No,0,0,0,0,0,,Yes,Yes,[]
2026-07-31T04:44:58Z,2026-07-31T04:45:00Z,Yes,valid_no_signal,Yes,Yes,Yes,No,0,0,0,0,0,,Yes,Yes,[]
2026-07-31T07:36:58Z,2026-07-31T07:37:01Z,Yes,valid_no_signal,Yes,Yes,Yes,No,0,0,0,0,0,,Yes,Yes,[]
2026-07-31T10:10:41Z,2026-07-31T10:10:44Z,Yes,valid_no_signal,Yes,Yes,Yes,No,0,0,0,0,0,,Yes,Yes,[]
2026-07-31T12:19:15Z,2026-07-31T12:19:18Z,Yes,valid_no_signal,Yes,Yes,Yes,No,0,0,0,0,0,,Yes,Yes,[]
2026-07-31T14:40:06Z,2026-07-31T14:40:08Z,Yes,valid_no_signal,Yes,Yes,Yes,No,0,0,0,0,0,,Yes,Yes,[]
2026-07-31T16:26:08Z,2026-07-31T16:26:11Z,Yes,valid_no_signal,Yes,Yes,Yes,No,0,0,0,0,0,,Yes,Yes,[]
2026-07-31T18:05:47Z,2026-07-31T18:05:49Z,Yes,valid_no_signal,Yes,Yes,Yes,No,0,0,0,0,0,,Yes,Yes,[]
2026-07-31T19:46:48Z,2026-07-31T19:46:51Z,Yes,valid_no_signal,Yes,Yes,Yes,No,0,0,0,0,0,,Yes,Yes,[]
2026-07-31T20:47:52Z,2026-07-31T20:47:55Z,Yes,valid_no_signal,Yes,Yes,Yes,No,0,0,0,0,0,,Yes,Yes,[]
2026-07-31T21:48:23Z,2026-07-31T21:48:25Z,Yes,valid_no_signal,Yes,Yes,Yes,No,0,0,0,0,0,,Yes,Yes,[]
2026-07-31T22:44:04Z,2026-07-31T22:44:07Z,Yes,valid_no_signal,Yes,Yes,Yes,No,0,0,0,0,0,,Yes,Yes,[]
2026-07-31T23:45:17Z,2026-07-31T23:45:20Z,Yes,valid_no_signal,Yes,Yes,Yes,No,0,0,0,0,0,,Yes,Yes,[]
2026-08-01T01:17:29Z,2026-08-01T01:17:32Z,Yes,valid_no_signal,Yes,Yes,Yes,No,0,0,0,0,0,,Yes,Yes,[]
2026-08-01T04:38:27Z,2026-08-01T04:38:29Z,Yes,valid_no_signal,Yes,Yes,Yes,No,0,0,0,0,0,,Yes,Yes,[]
2026-08-01T07:16:57Z,2026-08-01T07:17:00Z,Yes,valid_no_signal,Yes,Yes,Yes,No,0,0,0,0,0,,Yes,Yes,[]
2026-08-01T09:23:30Z,2026-08-01T09:23:32Z,Yes,valid_no_signal,Yes,Yes,Yes,No,0,0,0,0,0,,Yes,Yes,[]
2026-08-01T11:00:25Z,2026-08-01T11:00:28Z,Yes,valid_no_signal,Yes,Yes,Yes,No,0,0,0,0,0,,Yes,Yes,[]
2026-08-01T12:06:54Z,2026-08-01T12:06:56Z,Yes,valid_no_signal,Yes,Yes,Yes,No,0,0,0,0,0,,Yes,Yes,[]
2026-08-01T13:47:51Z,2026-08-01T13:47:54Z,Yes,valid_no_signal,Yes,Yes,Yes,No,0,0,0,0,0,,Yes,Yes,[]
2026-08-01T14:47:36Z,2026-08-01T14:47:39Z,Yes,valid_no_signal,Yes,Yes,Yes,No,0,0,0,0,0,,Yes,Yes,[]
2026-08-01T15:44:25Z,2026-08-01T15:44:28Z,Yes,valid_no_signal,Yes,Yes,Yes,No,0,0,0,0,0,,Yes,Yes,[]
2026-08-01T16:39:25Z,2026-08-01T16:39:27Z,Yes,valid_no_signal,Yes,Yes,Yes,No,0,0,0,0,0,,Yes,Yes,[]
2026-08-01T17:44:58Z,2026-08-01T17:45:01Z,Yes,valid_no_signal,Yes,Yes,Yes,No,0,0,0,0,0,,Yes,Yes,[]
2026-08-01T18:42:56Z,2026-08-01T18:42:59Z,Yes,valid_no_signal,Yes,Yes,Yes,No,0,0,0,0,0,,Yes,Yes,[]
2026-08-01T19:58:15Z,2026-08-01T19:58:17Z,Yes,valid_no_signal,Yes,Yes,Yes,No,0,0,0,0,0,,Yes,Yes,[]
2026-08-01T21:02:43Z,2026-08-01T21:02:46Z,Yes,valid_no_signal,Yes,Yes,Yes,No,0,0,0,0,0,,Yes,Yes,[]
2026-08-01T22:02:33Z,2026-08-01T22:02:36Z,Yes,valid_no_signal,Yes,Yes,Yes,No,0,0,0,0,0,,Yes,Yes,[]
2026-08-01T23:02:15Z,2026-08-01T23:02:17Z,Yes,valid_no_signal,Yes,Yes,Yes,No,0,0,0,0,0,,Yes,Yes,[]
2026-08-02T00:04:00Z,2026-08-02T00:04:03Z,Yes,valid_no_signal,Yes,Yes,Yes,No,0,0,0,0,0,,Yes,Yes,[]
2026-08-02T03:42:23Z,2026-08-02T03:42:25Z,Yes,valid_no_signal,Yes,Yes,Yes,No,0,0,0,0,0,,Yes,Yes,[]
2026-08-02T06:22:02Z,2026-08-02T06:22:05Z,Yes,valid_no_signal,Yes,Yes,Yes,No,0,0,0,0,0,,Yes,Yes,[]
2026-08-02T08:40:11Z,2026-08-02T08:40:13Z,Yes,valid_no_signal,Yes,Yes,Yes,No,0,0,0,0,0,,Yes,Yes,[]
2026-08-02T10:21:27Z,2026-08-02T10:21:30Z,Yes,valid_no_signal,Yes,Yes,Yes,No,0,0,0,0,0,,Yes,Yes,[]
2026-08-02T11:37:55Z,2026-08-02T11:37:57Z,Yes,valid_no_signal,Yes,Yes,Yes,No,0,0,0,0,0,,Yes,Yes,[]
2026-08-02T12:43:07Z,2026-08-02T12:43:09Z,Yes,valid_no_signal,Yes,Yes,Yes,No,0,0,0,0,0,,Yes,Yes,[]
2026-08-02T14:16:18Z,2026-08-02T14:16:20Z,Yes,valid_no_signal,Yes,Yes,Yes,No,0,0,0,0,0,,Yes,Yes,[]
2026-08-02T15:29:09Z,2026-08-02T15:29:12Z,Yes,valid_no_signal,Yes,Yes,Yes,No,0,0,0,0,0,,Yes,Yes,[]
2026-08-02T16:29:42Z,2026-08-02T16:29:44Z,Yes,valid_no_signal,Yes,Yes,Yes,No,0,0,0,0,0,,Yes,Yes,[]
2026-08-02T17:35:18Z,2026-08-02T17:35:21Z,Yes,valid_no_signal,Yes,Yes,Yes,No,0,0,0,0,0,,Yes,Yes,[]
2026-08-02T18:34:56Z,2026-08-02T18:34:59Z,Yes,valid_no_signal,Yes,Yes,Yes,No,0,0,0,0,0,,Yes,Yes,[]
2026-08-02T19:46:23Z,2026-08-02T19:46:26Z,Yes,valid_no_signal,Yes,Yes,Yes,No,0,0,0,0,0,,Yes,Yes,[]
2026-08-02T20:36:49Z,2026-08-02T20:36:52Z,Yes,valid_no_signal,Yes,Yes,Yes,No,0,0,0,0,0,,Yes,Yes,[]
2026-08-02T21:30:05Z,2026-08-02T21:30:07Z,Yes,valid_no_signal,Yes,Yes,Yes,No,0,0,0,0,0,,Yes,Yes,[]
2026-08-02T22:29:45Z,2026-08-02T22:29:47Z,Yes,valid_no_signal,Yes,Yes,Yes,No,0,0,0,0,0,,Yes,Yes,[]
2026-08-02T23:31:32Z,2026-08-02T23:31:36Z,Yes,valid_no_signal,Yes,Yes,Yes,No,0,0,0,0,0,,Yes,Yes,[]
2026-08-03T01:08:39Z,2026-08-03T01:08:41Z,Yes,valid_no_signal,Yes,Yes,Yes,No,0,0,0,0,0,,Yes,Yes,[]
2026-08-03T04:49:21Z,2026-08-03T04:49:23Z,Yes,valid_no_signal,Yes,Yes,Yes,No,0,0,0,0,0,,Yes,Yes,[]
2026-08-03T08:14:06Z,2026-08-03T08:14:09Z,Yes,valid_no_signal,Yes,Yes,Yes,No,0,0,0,0,0,,Yes,Yes,[]
2026-08-03T11:47:05Z,2026-08-03T11:47:08Z,Yes,valid_no_signal,Yes,Yes,Yes,No,0,0,0,0,0,,Yes,Yes,[]
2026-08-03T14:03:27Z,2026-08-03T14:03:30Z,Yes,valid_no_signal,Yes,Yes,Yes,No,0,0,0,0,0,,Yes,Yes,[]
2026-08-03T16:32:22Z,2026-08-03T16:32:24Z,Yes,valid_no_signal,Yes,Yes,Yes,No,0,0,0,0,0,,Yes,Yes,[]
2026-08-03T18:18:39Z,2026-08-03T18:18:41Z,Yes,valid_no_signal,Yes,Yes,Yes,No,0,0,0,0,0,,Yes,Yes,[]
2026-08-03T20:00:53Z,2026-08-03T20:00:56Z,Yes,valid_no_signal,Yes,Yes,Yes,No,0,0,0,0,0,,Yes,Yes,[]
2026-08-03T21:13:29Z,2026-08-03T21:13:32Z,Yes,valid_no_signal,Yes,Yes,Yes,No,0,0,0,0,0,,Yes,Yes,[]
2026-08-03T22:19:17Z,2026-08-03T22:19:19Z,Yes,valid_no_signal,Yes,Yes,Yes,No,0,0,0,0,0,,Yes,Yes,[]
2026-08-03T23:29:19Z,2026-08-03T23:29:22Z,Yes,valid_no_signal,Yes,Yes,Yes,No,0,0,0,0,0,,Yes,Yes,[]
2026-08-04T01:02:04Z,2026-08-04T01:02:06Z,Yes,valid_no_signal,Yes,Yes,Yes,No,0,0,0,0,0,,Yes,Yes,[]
2026-08-04T04:19:10Z,2026-08-04T04:19:13Z,Yes,valid_no_signal,Yes,Yes,Yes,No,0,0,0,0,0,,Yes,Yes,[]
2026-08-04T06:43:43Z,2026-08-04T06:43:46Z,Yes,valid_no_signal,Yes,Yes,Yes,No,0,0,0,0,0,,Yes,Yes,[]
2026-08-04T09:30:31Z,2026-08-04T09:30:33Z,Yes,valid_no_signal,Yes,Yes,Yes,No,0,0,0,0,0,,Yes,Yes,[]
2026-08-04T11:41:14Z,2026-08-04T11:41:16Z,Yes,valid_no_signal,Yes,Yes,Yes,No,0,0,0,0,0,,Yes,Yes,[]
2026-08-04T13:25:33Z,2026-08-04T13:25:35Z,Yes,valid_no_signal,Yes,Yes,Yes,No,0,0,0,0,0,,Yes,Yes,[]
2026-08-04T15:58:15Z,2026-08-04T15:58:17Z,Yes,valid_no_signal,Yes,Yes,Yes,No,0,0,0,0,0,,Yes,Yes,[]
2026-08-04T17:57:46Z,2026-08-04T17:57:48Z,Yes,valid_no_signal,Yes,Yes,Yes,No,0,0,0,0,0,,Yes,Yes,[]
2026-08-04T19:47:14Z,2026-08-04T19:47:18Z,Yes,valid_no_signal,Yes,Yes,Yes,No,0,0,0,0,0,,Yes,Yes,[]
2026-08-04T20:56:49Z,2026-08-04T20:56:51Z,Yes,valid_no_signal,Yes,Yes,Yes,No,0,0,0,0,0,,Yes,Yes,[]
2026-08-04T22:18:49Z,2026-08-04T22:18:52Z,Yes,valid_no_signal,Yes,Yes,Yes,No,0,0,0,0,0,,Yes,Yes,[]
2026-08-04T23:27:54Z,2026-08-04T23:27:58Z,Yes,valid_no_signal,Yes,Yes,Yes,No,0,0,0,0,0,,Yes,Yes,[]
2026-08-05T00:56:39Z,2026-08-05T00:56:41Z,Yes,valid_no_signal,Yes,Yes,Yes,No,0,0,0,0,0,,Yes,Yes,[]
2026-08-05T04:17:23Z,2026-08-05T04:17:26Z,Yes,valid_no_signal,Yes,Yes,Yes,No,0,0,0,0,0,,Yes,Yes,[]
2026-08-05T06:43:41Z,2026-08-05T06:43:44Z,Yes,valid_no_signal,Yes,Yes,Yes,No,0,0,0,0,0,,Yes,Yes,[]
2026-08-05T09:27:11Z,2026-08-05T09:27:14Z,Yes,valid_no_signal,Yes,Yes,Yes,No,0,0,0,0,0,,Yes,Yes,[]
2026-08-05T11:38:12Z,2026-08-05T11:38:14Z,Yes,valid_no_signal,Yes,Yes,Yes,No,0,0,0,0,0,,Yes,Yes,[]
2026-08-05T13:24:22Z,2026-08-05T13:24:24Z,Yes,valid_no_signal,Yes,Yes,Yes,No,0,0,0,0,0,,Yes,Yes,[]
2026-08-05T15:40:51Z,2026-08-05T15:40:53Z,Yes,valid_no_signal,Yes,Yes,Yes,No,0,0,0,0,0,,Yes,Yes,[]
2026-08-05T17:12:00Z,2026-08-05T17:12:02Z,Yes,valid_no_signal,Yes,Yes,Yes,No,0,0,0,0,0,,Yes,Yes,[]
2026-08-05T18:55:34Z,2026-08-05T18:55:38Z,Yes,valid_no_signal,Yes,Yes,Yes,No,0,0,0,0,0,,Yes,Yes,[]
2026-08-05T20:36:27Z,2026-08-05T20:36:29Z,Yes,valid_no_signal,Yes,Yes,Yes,No,0,0,0,0,0,,Yes,Yes,[]
2026-08-05T21:51:32Z,2026-08-05T21:51:34Z,Yes,valid_no_signal,Yes,Yes,Yes,No,0,0,0,0,0,,Yes,Yes,[]
2026-08-05T22:44:54Z,2026-08-05T22:44:57Z,Yes,valid_no_signal,Yes,Yes,Yes,No,0,0,0,0,0,,Yes,Yes,[]
2026-08-05T23:40:53Z,2026-08-05T23:40:56Z,Yes,valid_no_signal,Yes,Yes,Yes,No,0,0,0,0,0,,Yes,Yes,[]
2026-08-06T01:07:08Z,2026-08-06T01:07:11Z,Yes,valid_no_signal,Yes,Yes,Yes,No,0,0,0,0,0,,Yes,Yes,[]
2026-08-06T04:24:24Z,2026-08-06T04:24:26Z,Yes,valid_no_signal,Yes,Yes,Yes,No,0,0,0,0,0,,Yes,Yes,[]
2026-08-06T07:19:28Z,2026-08-06T07:19:30Z,Yes,valid_no_signal,Yes,Yes,Yes,No,0,0,0,0,0,,Yes,Yes,[]
2026-08-06T10:02:14Z,2026-08-06T10:02:16Z,Yes,valid_no_signal,Yes,Yes,Yes,No,0,0,0,0,0,,Yes,Yes,[]
2026-08-06T12:08:18Z,2026-08-06T12:08:20Z,Yes,valid_no_signal,Yes,Yes,Yes,No,0,0,0,0,0,,Yes,Yes,[]
2026-08-06T14:36:55Z,2026-08-06T14:36:59Z,Yes,valid_no_signal,Yes,Yes,Yes,No,0,0,0,0,0,,Yes,Yes,[]
2026-08-07T00:17:01Z,2026-08-07T00:17:05Z,Yes,valid_no_signal,Yes,Yes,Yes,No,0,0,0,0,0,,Yes,Yes,[]
2026-08-07T03:17:29Z,2026-08-07T03:17:31Z,Yes,valid_no_signal,Yes,Yes,Yes,No,0,0,0,0,0,,Yes,Yes,[]
2026-08-07T05:04:05Z,2026-08-07T05:04:10Z,Yes,valid_no_signal,Yes,Yes,Yes,No,0,0,0,0,0,,Yes,Yes,[]
2026-08-07T06:12:55Z,2026-08-07T06:12:59Z,Yes,valid_no_signal,Yes,Yes,Yes,No,0,0,0,0,0,,Yes,Yes,[]
2026-08-07T07:43:37Z,2026-08-07T07:43:40Z,Yes,valid_no_signal,Yes,Yes,Yes,No,0,0,0,0,0,,Yes,Yes,[]
2026-08-07T08:40:34Z,2026-08-07T08:40:36Z,Yes,valid_no_signal,Yes,Yes,Yes,No,0,0,0,0,0,,Yes,Yes,[]
2026-08-07T09:43:19Z,2026-08-07T09:43:22Z,Yes,valid_no_signal,Yes,Yes,Yes,No,0,0,0,0,0,,Yes,Yes,[]
2026-08-07T10:36:54Z,2026-08-07T10:36:56Z,Yes,valid_no_signal,Yes,Yes,Yes,No,0,0,0,0,0,,Yes,Yes,[]
2026-08-07T11:26:55Z,2026-08-07T11:26:57Z,Yes,valid_no_signal,Yes,Yes,Yes,No,0,0,0,0,0,,Yes,Yes,[]
2026-08-07T12:11:31Z,2026-08-07T12:11:34Z,Yes,valid_no_signal,Yes,Yes,Yes,No,0,0,0,0,0,,Yes,Yes,[]
2026-08-07T13:41:02Z,2026-08-07T13:41:06Z,Yes,valid_no_signal,Yes,Yes,Yes,No,0,0,0,0,0,,Yes,Yes,[]
2026-08-07T14:40:55Z,2026-08-07T14:40:58Z,Yes,valid_no_signal,Yes,Yes,Yes,No,0,0,0,0,0,,Yes,Yes,[]
2026-08-07T15:38:38Z,2026-08-07T15:38:40Z,Yes,valid_no_signal,Yes,Yes,Yes,No,0,0,0,0,0,,Yes,Yes,[]
2026-08-07T16:35:55Z,2026-08-07T16:35:57Z,Yes,valid_no_signal,Yes,Yes,Yes,No,0,0,0,0,0,,Yes,Yes,[]
2026-08-07T17:28:09Z,2026-08-07T17:28:11Z,Yes,valid_no_signal,Yes,Yes,Yes,No,0,0,0,0,0,,Yes,Yes,[]
2026-08-07T18:24:42Z,2026-08-07T18:24:44Z,Yes,valid_no_signal,Yes,Yes,Yes,No,0,0,0,0,0,,Yes,Yes,[]
2026-08-07T19:32:40Z,2026-08-07T19:32:43Z,Yes,valid_no_signal,Yes,Yes,Yes,No,0,0,0,0,0,,Yes,Yes,[]
2026-08-07T20:08:11Z,2026-08-07T20:08:13Z,Yes,valid_no_signal,Yes,Yes,Yes,No,0,0,0,0,0,,Yes,Yes,[]
2026-08-07T21:01:42Z,2026-08-07T21:01:45Z,Yes,valid_no_signal,Yes,Yes,Yes,No,0,0,0,0,0,,Yes,Yes,[]
2026-08-07T21:48:39Z,2026-08-07T21:48:41Z,Yes,valid_no_signal,Yes,Yes,Yes,No,0,0,0,0,0,,Yes,Yes,[]
2026-08-07T22:19:18Z,2026-08-07T22:19:21Z,Yes,valid_no_signal,Yes,Yes,Yes,No,0,0,0,0,0,,Yes,Yes,[]
2026-08-07T22:57:14Z,2026-08-07T22:57:18Z,Yes,valid_no_signal,Yes,Yes,Yes,No,0,0,0,0,0,,Yes,Yes,[]
2026-08-07T23:40:27Z,2026-08-07T23:40:30Z,Yes,valid_no_signal,Yes,Yes,Yes,No,0,0,0,0,0,,Yes,Yes,[]
2026-08-08T00:32:51Z,2026-08-08T00:32:54Z,Yes,valid_no_signal,Yes,Yes,Yes,No,0,0,0,0,0,,Yes,Yes,[]
2026-08-08T02:29:44Z,2026-08-08T02:29:46Z,Yes,valid_no_signal,Yes,Yes,Yes,No,0,0,0,0,0,,Yes,Yes,[]
2026-08-08T03:52:09Z,2026-08-08T03:52:11Z,Yes,valid_no_signal,Yes,Yes,Yes,No,0,0,0,0,0,,Yes,Yes,[]
2026-08-08T04:42:46Z,2026-08-08T04:42:48Z,Yes,valid_no_signal,Yes,Yes,Yes,No,0,0,0,0,0,,Yes,Yes,[]
2026-08-08T05:29:14Z,2026-08-08T05:29:17Z,Yes,valid_no_signal,Yes,Yes,Yes,No,0,0,0,0,0,,Yes,Yes,[]
2026-08-08T06:09:20Z,2026-08-08T06:09:22Z,Yes,valid_no_signal,Yes,Yes,Yes,No,0,0,0,0,0,,Yes,Yes,[]
2026-08-08T07:17:49Z,2026-08-08T07:17:51Z,Yes,valid_no_signal,Yes,Yes,Yes,No,0,0,0,0,0,,Yes,Yes,[]
2026-08-08T08:01:37Z,2026-08-08T08:01:39Z,Yes,valid_no_signal,Yes,Yes,Yes,No,0,0,0,0,0,,Yes,Yes,[]
2026-08-08T08:52:09Z,2026-08-08T08:52:11Z,Yes,valid_no_signal,Yes,Yes,Yes,No,0,0,0,0,0,,Yes,Yes,[]
2026-08-08T09:23:17Z,2026-08-08T09:23:19Z,Yes,valid_no_signal,Yes,Yes,Yes,No,0,0,0,0,0,,Yes,Yes,[]
2026-08-08T10:04:33Z,2026-08-08T10:04:36Z,Yes,valid_no_signal,Yes,Yes,Yes,No,0,0,0,0,0,,Yes,Yes,[]
2026-08-08T10:43:57Z,2026-08-08T10:44:00Z,Yes,valid_no_signal,Yes,Yes,Yes,No,0,0,0,0,0,,Yes,Yes,[]
2026-08-08T11:12:33Z,2026-08-08T11:12:35Z,Yes,valid_no_signal,Yes,Yes,Yes,No,0,0,0,0,0,,Yes,Yes,[]
2026-08-08T11:45:45Z,2026-08-08T11:45:48Z,Yes,valid_no_signal,Yes,Yes,Yes,No,0,0,0,0,0,,Yes,Yes,[]
2026-08-08T12:04:19Z,2026-08-08T12:04:22Z,Yes,valid_no_signal,Yes,Yes,Yes,No,0,0,0,0,0,,Yes,Yes,[]
2026-08-08T13:05:49Z,2026-08-08T13:05:51Z,Yes,valid_no_signal,Yes,Yes,Yes,No,0,0,0,0,0,,Yes,Yes,[]
2026-08-08T13:52:10Z,2026-08-08T13:52:12Z,Yes,valid_no_signal,Yes,Yes,Yes,No,0,0,0,0,0,,Yes,Yes,[]
2026-08-08T14:19:22Z,2026-08-08T14:19:25Z,Yes,valid_no_signal,Yes,Yes,Yes,No,0,0,0,0,0,,Yes,Yes,[]
2026-08-08T14:52:20Z,2026-08-08T14:52:22Z,Yes,valid_no_signal,Yes,Yes,Yes,No,0,0,0,0,0,,Yes,Yes,[]
2026-08-08T15:14:09Z,2026-08-08T15:14:12Z,Yes,valid_no_signal,Yes,Yes,Yes,No,0,0,0,0,0,,Yes,Yes,[]
2026-08-08T15:48:37Z,2026-08-08T15:48:42Z,Yes,valid_no_signal,Yes,Yes,Yes,No,0,0,0,0,0,,Yes,Yes,[]
2026-08-08T16:12:11Z,2026-08-08T16:12:13Z,Yes,valid_no_signal,Yes,Yes,Yes,No,0,0,0,0,0,,Yes,Yes,[]
2026-08-08T16:54:22Z,2026-08-08T16:54:24Z,Yes,valid_no_signal,Yes,Yes,Yes,No,0,0,0,0,0,,Yes,Yes,[]
2026-08-08T17:38:03Z,2026-08-08T17:38:06Z,Yes,valid_no_signal,Yes,Yes,Yes,No,0,0,0,0,0,,Yes,Yes,[]
2026-08-08T18:13:23Z,2026-08-08T18:13:26Z,Yes,valid_no_signal,Yes,Yes,Yes,No,0,0,0,0,0,,Yes,Yes,[]
2026-08-08T19:00:48Z,2026-08-08T19:00:50Z,Yes,valid_no_signal,Yes,Yes,Yes,No,0,0,0,0,0,,Yes,Yes,[]
2026-08-08T19:36:58Z,2026-08-08T19:37:00Z,Yes,valid_no_signal,Yes,Yes,Yes,No,0,0,0,0,0,,Yes,Yes,[]
2026-08-08T19:58:02Z,2026-08-08T19:58:04Z,Yes,valid_no_signal,Yes,Yes,Yes,No,0,0,0,0,0,,Yes,Yes,[]
2026-08-08T20:39:13Z,2026-08-08T20:39:16Z,Yes,valid_no_signal,Yes,Yes,Yes,No,0,0,0,0,0,,Yes,Yes,[]
2026-08-08T21:13:07Z,2026-08-08T21:13:09Z,Yes,valid_no_signal,Yes,Yes,Yes,No,0,0,0,0,0,,Yes,Yes,[]
2026-08-08T21:47:58Z,2026-08-08T21:48:00Z,Yes,valid_no_signal,Yes,Yes,Yes,No,0,0,0,0,0,,Yes,Yes,[]
2026-08-08T22:08:08Z,2026-08-08T22:08:10Z,Yes,valid_no_signal,Yes,Yes,Yes,No,0,0,0,0,0,,Yes,Yes,[]
2026-08-08T22:49:33Z,2026-08-08T22:49:35Z,Yes,valid_no_signal,Yes,Yes,Yes,No,0,0,0,0,0,,Yes,Yes,[]
2026-08-08T23:12:08Z,2026-08-08T23:12:11Z,Yes,valid_no_signal,Yes,Yes,Yes,No,0,0,0,0,0,,Yes,Yes,[]
2026-08-08T23:47:05Z,2026-08-08T23:47:08Z,Yes,valid_no_signal,Yes,Yes,Yes,No,0,0,0,0,0,,Yes,Yes,[]
2026-08-09T00:34:27Z,2026-08-09T00:34:30Z,Yes,valid_no_signal,Yes,Yes,Yes,No,0,0,0,0,0,,Yes,Yes,[]
2026-08-09T02:37:01Z,2026-08-09T02:37:03Z,Yes,valid_no_signal,Yes,Yes,Yes,No,0,0,0,0,0,,Yes,Yes,[]
2026-08-09T04:02:30Z,2026-08-09T04:02:33Z,Yes,valid_no_signal,Yes,Yes,Yes,No,0,0,0,0,0,,Yes,Yes,[]
2026-08-09T05:12:27Z,2026-08-09T05:12:30Z,Yes,valid_no_signal,Yes,Yes,Yes,No,0,0,0,0,0,,Yes,Yes,[]
2026-08-09T06:00:01Z,2026-08-09T06:00:04Z,Yes,valid_no_signal,Yes,Yes,Yes,No,0,0,0,0,0,,Yes,Yes,[]
2026-08-09T07:07:46Z,2026-08-09T07:07:49Z,Yes,valid_no_signal,Yes,Yes,Yes,No,0,0,0,0,0,,Yes,Yes,[]
2026-08-09T08:03:25Z,2026-08-09T08:03:27Z,Yes,valid_no_signal,Yes,Yes,Yes,No,0,0,0,0,0,,Yes,Yes,[]
2026-08-09T08:54:21Z,2026-08-09T08:54:23Z,Yes,valid_no_signal,Yes,Yes,Yes,No,0,0,0,0,0,,Yes,Yes,[]
2026-08-09T09:49:36Z,2026-08-09T09:49:39Z,Yes,valid_no_signal,Yes,Yes,Yes,No,0,0,0,0,0,,Yes,Yes,[]
2026-08-09T10:16:56Z,2026-08-09T10:16:59Z,Yes,valid_no_signal,Yes,Yes,Yes,No,0,0,0,0,0,,Yes,Yes,[]
2026-08-09T10:54:08Z,2026-08-09T10:54:11Z,Yes,valid_no_signal,Yes,Yes,Yes,No,0,0,0,0,0,,Yes,Yes,[]
2026-08-09T11:37:08Z,2026-08-09T11:37:10Z,Yes,valid_no_signal,Yes,Yes,Yes,No,0,0,0,0,0,,Yes,Yes,[]
2026-08-09T11:59:00Z,2026-08-09T11:59:03Z,Yes,valid_no_signal,Yes,Yes,Yes,No,0,0,0,0,0,,Yes,Yes,[]
2026-08-09T13:07:08Z,2026-08-09T13:07:11Z,Yes,valid_no_signal,Yes,Yes,Yes,No,0,0,0,0,0,,Yes,Yes,[]
2026-08-09T13:55:32Z,2026-08-09T13:55:35Z,Yes,valid_no_signal,Yes,Yes,Yes,No,0,0,0,0,0,,Yes,Yes,[]
2026-08-09T14:42:18Z,2026-08-09T14:42:20Z,Yes,valid_no_signal,Yes,Yes,Yes,No,0,0,0,0,0,,Yes,Yes,[]
2026-08-09T15:14:41Z,2026-08-09T15:14:43Z,Yes,valid_no_signal,Yes,Yes,Yes,No,0,0,0,0,0,,Yes,Yes,[]
2026-08-09T15:49:09Z,2026-08-09T15:49:12Z,Yes,valid_no_signal,Yes,Yes,Yes,No,0,0,0,0,0,,Yes,Yes,[]
2026-08-09T16:14:18Z,2026-08-09T16:14:21Z,Yes,valid_no_signal,Yes,Yes,Yes,No,0,0,0,0,0,,Yes,Yes,[]
2026-08-09T16:56:20Z,2026-08-09T16:56:22Z,Yes,valid_no_signal,Yes,Yes,Yes,No,0,0,0,0,0,,Yes,Yes,[]
2026-08-09T17:38:48Z,2026-08-09T17:38:50Z,Yes,valid_no_signal,Yes,Yes,Yes,No,0,0,0,0,0,,Yes,Yes,[]
2026-08-09T18:15:48Z,2026-08-09T18:15:50Z,Yes,valid_no_signal,Yes,Yes,Yes,No,0,0,0,0,0,,Yes,Yes,[]
2026-08-09T19:03:42Z,2026-08-09T19:03:45Z,Yes,valid_no_signal,Yes,Yes,Yes,No,0,0,0,0,0,,Yes,Yes,[]
2026-08-09T19:40:35Z,2026-08-09T19:40:37Z,Yes,valid_no_signal,Yes,Yes,Yes,No,0,0,0,0,0,,Yes,Yes,[]
2026-08-09T20:11:39Z,2026-08-09T20:11:42Z,Yes,valid_no_signal,Yes,Yes,Yes,No,0,0,0,0,0,,Yes,Yes,[]
2026-08-09T20:53:53Z,2026-08-09T20:53:56Z,Yes,valid_no_signal,Yes,Yes,Yes,No,0,0,0,0,0,,Yes,Yes,[]
2026-08-09T21:40:20Z,2026-08-09T21:40:23Z,Yes,valid_no_signal,Yes,Yes,Yes,No,0,0,0,0,0,,Yes,Yes,[]
2026-08-09T22:11:56Z,2026-08-09T22:11:58Z,Yes,valid_no_signal,Yes,Yes,Yes,No,0,0,0,0,0,,Yes,Yes,[]
2026-08-09T22:52:32Z,2026-08-09T22:52:36Z,Yes,valid_no_signal,Yes,Yes,Yes,No,0,0,0,0,0,,Yes,Yes,[]
2026-08-09T23:15:19Z,2026-08-09T23:15:21Z,Yes,valid_no_signal,Yes,Yes,Yes,No,0,0,0,0,0,,Yes,Yes,[]
2026-08-09T23:48:47Z,2026-08-09T23:48:50Z,Yes,valid_no_signal,Yes,Yes,Yes,No,0,0,0,0,0,,Yes,Yes,[]
2026-08-10T00:37:14Z,2026-08-10T00:37:17Z,Yes,valid_no_signal,Yes,Yes,Yes,No,0,0,0,0,0,,Yes,Yes,[]
2026-08-10T02:55:00Z,2026-08-10T02:55:03Z,Yes,valid_no_signal,Yes,Yes,Yes,No,0,0,0,0,0,,Yes,Yes,[]
2026-08-10T04:45:45Z,2026-08-10T04:45:48Z,Yes,valid_no_signal,Yes,Yes,Yes,No,0,0,0,0,0,,Yes,Yes,[]
2026-08-10T06:02:13Z,2026-08-10T06:02:16Z,Yes,valid_no_signal,Yes,Yes,Yes,No,0,0,0,0,0,,Yes,Yes,[]
2026-08-10T07:56:30Z,2026-08-10T07:56:35Z,Yes,valid_no_signal,Yes,Yes,Yes,No,0,0,0,0,0,,Yes,Yes,[]
2026-08-10T09:41:34Z,2026-08-10T09:41:36Z,Yes,valid_no_signal,Yes,Yes,Yes,No,0,0,0,0,0,,Yes,Yes,[]
2026-08-10T10:48:55Z,2026-08-10T10:48:57Z,Yes,valid_no_signal,Yes,Yes,Yes,No,0,0,0,0,0,,Yes,Yes,[]
2026-08-10T11:35:18Z,2026-08-10T11:35:21Z,Yes,valid_no_signal,Yes,Yes,Yes,No,0,0,0,0,0,,Yes,Yes,[]
2026-08-10T12:25:43Z,2026-08-10T12:25:46Z,Yes,valid_no_signal,Yes,Yes,Yes,No,0,0,0,0,0,,Yes,Yes,[]
2026-08-10T13:58:12Z,2026-08-10T13:58:15Z,Yes,valid_no_signal,Yes,Yes,Yes,No,0,0,0,0,0,,Yes,Yes,[]
2026-08-10T15:07:17Z,2026-08-10T15:07:20Z,Yes,valid_no_signal,Yes,Yes,Yes,No,0,0,0,0,0,,Yes,Yes,[]
2026-08-10T16:06:49Z,2026-08-10T16:06:51Z,Yes,valid_no_signal,Yes,Yes,Yes,No,0,0,0,0,0,,Yes,Yes,[]
2026-08-10T17:03:52Z,2026-08-10T17:03:55Z,Yes,valid_no_signal,Yes,Yes,Yes,No,0,0,0,0,0,,Yes,Yes,[]
2026-08-10T17:56:00Z,2026-08-10T17:56:02Z,Yes,valid_no_signal,Yes,Yes,Yes,No,0,0,0,0,0,,Yes,Yes,[]
2026-08-10T19:07:17Z,2026-08-10T19:07:20Z,Yes,valid_no_signal,Yes,Yes,Yes,No,0,0,0,0,0,,Yes,Yes,[]
2026-08-10T19:57:57Z,2026-08-10T19:58:00Z,Yes,valid_no_signal,Yes,Yes,Yes,No,0,0,0,0,0,,Yes,Yes,[]
2026-08-10T20:53:29Z,2026-08-10T20:53:32Z,Yes,valid_no_signal,Yes,Yes,Yes,No,0,0,0,0,0,,Yes,Yes,[]
2026-08-10T21:51:08Z,2026-08-10T21:51:10Z,Yes,valid_no_signal,Yes,Yes,Yes,No,0,0,0,0,0,,Yes,Yes,[]
2026-08-10T22:21:44Z,2026-08-10T22:21:46Z,Yes,valid_no_signal,Yes,Yes,Yes,No,0,0,0,0,0,,Yes,Yes,[]
2026-08-10T23:00:20Z,2026-08-10T23:00:24Z,Yes,valid_no_signal,Yes,Yes,Yes,No,0,0,0,0,0,,Yes,Yes,[]
2026-08-10T23:42:45Z,2026-08-10T23:42:48Z,Yes,valid_no_signal,Yes,Yes,Yes,No,0,0,0,0,0,,Yes,Yes,[]
2026-08-11T00:35:30Z,2026-08-11T00:35:32Z,Yes,valid_no_signal,Yes,Yes,Yes,No,0,0,0,0,0,,Yes,Yes,[]
2026-08-11T02:36:42Z,2026-08-11T02:36:45Z,Yes,valid_no_signal,Yes,Yes,Yes,No,0,0,0,0,0,,Yes,Yes,[]
2026-08-11T04:04:05Z,2026-08-11T04:04:07Z,Yes,valid_no_signal,Yes,Yes,Yes,No,0,0,0,0,0,,Yes,Yes,[]
2026-08-11T05:16:41Z,2026-08-11T05:16:43Z,Yes,valid_no_signal,Yes,Yes,Yes,No,0,0,0,0,0,,Yes,Yes,[]
2026-08-11T06:05:46Z,2026-08-11T06:05:48Z,Yes,valid_no_signal,Yes,Yes,Yes,No,0,0,0,0,0,,Yes,Yes,[]
2026-08-11T07:22:26Z,2026-08-11T07:22:29Z,Yes,valid_no_signal,Yes,Yes,Yes,No,0,0,0,0,0,,Yes,Yes,[]
2026-08-11T08:27:52Z,2026-08-11T08:27:55Z,Yes,valid_no_signal,Yes,Yes,Yes,No,0,0,0,0,0,,Yes,Yes,[]
2026-08-11T09:32:56Z,2026-08-11T09:32:58Z,Yes,valid_no_signal,Yes,Yes,Yes,No,0,0,0,0,0,,Yes,Yes,[]
2026-08-11T10:26:25Z,2026-08-11T10:26:27Z,Yes,valid_no_signal,Yes,Yes,Yes,No,0,0,0,0,0,,Yes,Yes,[]
2026-08-11T11:23:24Z,2026-08-11T11:23:26Z,Yes,valid_no_signal,Yes,Yes,Yes,No,0,0,0,0,0,,Yes,Yes,[]
2026-08-11T12:24:20Z,2026-08-11T12:24:24Z,Yes,valid_no_signal,Yes,Yes,Yes,No,0,0,0,0,0,,Yes,Yes,[]
2026-08-11T13:58:33Z,2026-08-11T13:58:36Z,Yes,valid_no_signal,Yes,Yes,Yes,No,0,0,0,0,0,,Yes,Yes,[]
2026-08-11T15:06:27Z,2026-08-11T15:06:29Z,Yes,valid_no_signal,Yes,Yes,Yes,No,0,0,0,0,0,,Yes,Yes,[]
2026-08-11T16:08:18Z,2026-08-11T16:08:20Z,Yes,valid_no_signal,Yes,Yes,Yes,No,0,0,0,0,0,,Yes,Yes,[]
2026-08-11T17:14:20Z,2026-08-11T17:14:23Z,Yes,valid_no_signal,Yes,Yes,Yes,No,0,0,0,0,0,,Yes,Yes,[]
2026-08-11T18:08:39Z,2026-08-11T18:08:41Z,Yes,valid_no_signal,Yes,Yes,Yes,No,0,0,0,0,0,,Yes,Yes,[]
2026-08-11T19:27:53Z,2026-08-11T19:27:56Z,Yes,valid_no_signal,Yes,Yes,Yes,No,0,0,0,0,0,,Yes,Yes,[]
2026-08-11T20:11:14Z,2026-08-11T20:11:17Z,Yes,valid_no_signal,Yes,Yes,Yes,No,0,0,0,0,0,,Yes,Yes,[]
2026-08-11T21:05:44Z,2026-08-11T21:05:46Z,Yes,valid_no_signal,Yes,Yes,Yes,No,0,0,0,0,0,,Yes,Yes,[]
2026-08-11T21:58:03Z,2026-08-11T21:58:06Z,Yes,valid_no_signal,Yes,Yes,Yes,No,0,0,0,0,0,,Yes,Yes,[]
2026-08-11T22:52:32Z,2026-08-11T22:52:35Z,Yes,valid_no_signal,Yes,Yes,Yes,No,0,0,0,0,0,,Yes,Yes,[]
2026-08-11T23:51:23Z,2026-08-11T23:51:25Z,Yes,valid_no_signal,Yes,Yes,Yes,No,0,0,0,0,0,,Yes,Yes,[]
2026-08-12T00:44:26Z,2026-08-12T00:44:29Z,Yes,valid_no_signal,Yes,Yes,Yes,No,0,0,0,0,0,,Yes,Yes,[]
2026-08-12T03:12:43Z,2026-08-12T03:12:45Z,Yes,valid_no_signal,Yes,Yes,Yes,No,0,0,0,0,0,,Yes,Yes,[]
2026-08-12T05:05:57Z,2026-08-12T05:05:59Z,Yes,valid_no_signal,Yes,Yes,Yes,No,0,0,0,0,0,,Yes,Yes,[]
2026-08-12T06:22:50Z,2026-08-12T06:22:53Z,Yes,valid_no_signal,Yes,Yes,Yes,No,0,0,0,0,0,,Yes,Yes,[]
2026-08-12T08:01:08Z,2026-08-12T08:01:10Z,Yes,valid_no_signal,Yes,Yes,Yes,No,0,0,0,0,0,,Yes,Yes,[]
2026-08-12T09:18:52Z,2026-08-12T09:18:55Z,Yes,valid_no_signal,Yes,Yes,Yes,No,0,0,0,0,0,,Yes,Yes,[]
2026-08-12T10:29:33Z,2026-08-12T10:29:36Z,Yes,valid_no_signal,Yes,Yes,Yes,No,0,0,0,0,0,,Yes,Yes,[]
2026-08-12T11:23:57Z,2026-08-12T11:23:59Z,Yes,valid_no_signal,Yes,Yes,Yes,No,0,0,0,0,0,,Yes,Yes,[]
2026-08-12T12:25:55Z,2026-08-12T12:25:58Z,Yes,valid_no_signal,Yes,Yes,Yes,No,0,0,0,0,0,,Yes,Yes,[]
2026-08-12T13:59:37Z,2026-08-12T13:59:40Z,Yes,valid_no_signal,Yes,Yes,Yes,No,0,0,0,0,0,,Yes,Yes,[]
2026-08-12T15:05:14Z,2026-08-12T15:05:17Z,Yes,valid_no_signal,Yes,Yes,Yes,No,0,0,0,0,0,,Yes,Yes,[]
2026-08-12T16:05:30Z,2026-08-12T16:05:32Z,Yes,valid_no_signal,Yes,Yes,Yes,No,0,0,0,0,0,,Yes,Yes,[]
2026-08-12T17:06:26Z,2026-08-12T17:06:28Z,Yes,valid_no_signal,Yes,Yes,Yes,No,0,0,0,0,0,,Yes,Yes,[]
2026-08-12T18:02:43Z,2026-08-12T18:02:45Z,Yes,valid_no_signal,Yes,Yes,Yes,No,0,0,0,0,0,,Yes,Yes,[]
2026-08-12T19:13:01Z,2026-08-12T19:13:04Z,Yes,valid_no_signal,Yes,Yes,Yes,No,0,0,0,0,0,,Yes,Yes,[]
2026-08-12T20:05:42Z,2026-08-12T20:05:44Z,Yes,valid_no_signal,Yes,Yes,Yes,No,0,0,0,0,0,,Yes,Yes,[]
2026-08-12T20:57:31Z,2026-08-12T20:57:34Z,Yes,valid_no_signal,Yes,Yes,Yes,No,0,0,0,0,0,,Yes,Yes,[]
2026-08-12T21:55:09Z,2026-08-12T21:55:12Z,Yes,valid_no_signal,Yes,Yes,Yes,No,0,0,0,0,0,,Yes,Yes,[]
2026-08-12T22:51:39Z,2026-08-12T22:51:41Z,Yes,valid_no_signal,Yes,Yes,Yes,No,0,0,0,0,0,,Yes,Yes,[]
2026-08-12T23:25:28Z,2026-08-12T23:25:31Z,Yes,valid_no_signal,Yes,Yes,Yes,No,0,0,0,0,0,,Yes,Yes,[]
2026-08-13T00:09:19Z,2026-08-13T00:09:21Z,Yes,valid_no_signal,Yes,Yes,Yes,No,0,0,0,0,0,,Yes,Yes,[]
2026-08-13T03:01:09Z,2026-08-13T03:01:11Z,Yes,valid_no_signal,Yes,Yes,Yes,No,0,0,0,0,0,,Yes,Yes,[]
2026-08-13T04:58:54Z,2026-08-13T04:58:57Z,Yes,valid_no_signal,Yes,Yes,Yes,No,0,0,0,0,0,,Yes,Yes,[]
2026-08-13T06:21:31Z,2026-08-13T06:21:33Z,Yes,valid_no_signal,Yes,Yes,Yes,No,0,0,0,0,0,,Yes,Yes,[]
2026-08-13T07:57:53Z,2026-08-13T07:57:58Z,Yes,valid_no_signal,Yes,Yes,Yes,No,0,0,0,0,0,,Yes,Yes,[]
2026-08-13T09:19:34Z,2026-08-13T09:19:38Z,Yes,valid_no_signal,Yes,Yes,Yes,No,0,0,0,0,0,,Yes,Yes,[]
2026-08-13T10:31:12Z,2026-08-13T10:31:15Z,Yes,valid_no_signal,Yes,Yes,Yes,No,0,0,0,0,0,,Yes,Yes,[]
2026-08-13T11:22:34Z,2026-08-13T11:22:37Z,Yes,valid_no_signal,Yes,Yes,Yes,No,0,0,0,0,0,,Yes,Yes,[]
2026-08-13T12:26:02Z,2026-08-13T12:26:04Z,Yes,valid_no_signal,Yes,Yes,Yes,No,0,0,0,0,0,,Yes,Yes,[]
2026-08-13T14:00:26Z,2026-08-13T14:00:28Z,Yes,valid_no_signal,Yes,Yes,Yes,No,0,0,0,0,0,,Yes,Yes,[]
2026-08-13T15:04:52Z,2026-08-13T15:04:55Z,Yes,valid_no_signal,Yes,Yes,Yes,No,0,0,0,0,0,,Yes,Yes,[]
2026-08-13T16:05:07Z,2026-08-13T16:05:09Z,Yes,valid_no_signal,Yes,Yes,Yes,No,0,0,0,0,0,,Yes,Yes,[]
2026-08-13T18:02:44Z,2026-08-13T18:02:46Z,Yes,valid_no_signal,Yes,Yes,Yes,No,0,0,0,0,0,,Yes,Yes,[]
2026-08-13T19:13:28Z,2026-08-13T19:13:31Z,Yes,valid_no_signal,Yes,Yes,Yes,No,0,0,0,0,0,,Yes,Yes,[]
2026-08-13T20:00:28Z,2026-08-13T20:00:31Z,Yes,valid_no_signal,Yes,Yes,Yes,No,0,0,0,0,0,,Yes,Yes,[]
2026-08-13T20:53:35Z,2026-08-13T20:53:37Z,Yes,valid_no_signal,Yes,Yes,Yes,No,0,0,0,0,0,,Yes,Yes,[]
2026-08-13T21:54:56Z,2026-08-13T21:54:58Z,Yes,valid_no_signal,Yes,Yes,Yes,No,0,0,0,0,0,,Yes,Yes,[]
2026-08-13T22:52:49Z,2026-08-13T22:52:52Z,Yes,valid_no_signal,Yes,Yes,Yes,No,0,0,0,0,0,,Yes,Yes,[]
2026-08-13T23:51:10Z,2026-08-13T23:51:12Z,Yes,valid_no_signal,Yes,Yes,Yes,No,0,0,0,0,0,,Yes,Yes,[]
2026-08-14T00:45:06Z,2026-08-14T00:45:09Z,Yes,valid_no_signal,Yes,Yes,Yes,No,0,0,0,0,0,,Yes,Yes,[]
2026-08-14T03:13:52Z,2026-08-14T03:13:54Z,Yes,valid_no_signal,Yes,Yes,Yes,No,0,0,0,0,0,,Yes,Yes,[]
2026-08-14T05:05:50Z,2026-08-14T05:05:53Z,Yes,valid_no_signal,Yes,Yes,Yes,No,0,0,0,0,0,,Yes,Yes,[]
2026-08-14T06:22:39Z,2026-08-14T06:22:42Z,Yes,valid_no_signal,Yes,Yes,Yes,No,0,0,0,0,0,,Yes,Yes,[]
2026-08-14T07:58:07Z,2026-08-14T07:58:10Z,Yes,valid_no_signal,Yes,Yes,Yes,No,0,0,0,0,0,,Yes,Yes,[]
2026-08-14T10:18:26Z,2026-08-14T10:18:28Z,Yes,valid_no_signal,Yes,Yes,Yes,No,0,0,0,0,0,,Yes,Yes,[]
2026-08-14T11:10:48Z,2026-08-14T11:10:50Z,Yes,valid_no_signal,Yes,Yes,Yes,No,0,0,0,0,0,,Yes,Yes,[]
2026-08-14T11:59:04Z,2026-08-14T11:59:07Z,Yes,valid_no_signal,Yes,Yes,Yes,No,0,0,0,0,0,,Yes,Yes,[]
2026-08-14T13:23:16Z,2026-08-14T13:23:20Z,Yes,valid_no_signal,Yes,Yes,Yes,No,0,0,0,0,0,,Yes,Yes,[]
2026-08-14T14:32:41Z,2026-08-14T14:32:43Z,Yes,valid_no_signal,Yes,Yes,Yes,No,0,0,0,0,0,,Yes,Yes,[]
2026-08-14T15:23:14Z,2026-08-14T15:23:16Z,Yes,valid_no_signal,Yes,Yes,Yes,No,0,0,0,0,0,,Yes,Yes,[]
2026-08-14T16:26:19Z,2026-08-14T16:26:23Z,Yes,valid_no_signal,Yes,Yes,Yes,No,0,0,0,0,0,,Yes,Yes,[]
2026-08-14T18:26:43Z,2026-08-14T18:26:47Z,Yes,valid_no_signal,Yes,Yes,Yes,No,0,0,0,0,0,,Yes,Yes,[]
2026-08-14T19:30:41Z,2026-08-14T19:30:44Z,Yes,valid_no_signal,Yes,Yes,Yes,No,0,0,0,0,0,,Yes,Yes,[]
2026-08-14T20:04:43Z,2026-08-14T20:04:46Z,Yes,valid_no_signal,Yes,Yes,Yes,No,0,0,0,0,0,,Yes,Yes,[]
2026-08-14T20:38:16Z,2026-08-14T20:38:19Z,Yes,valid_no_signal,Yes,Yes,Yes,No,0,0,0,0,0,,Yes,Yes,[]
2026-08-14T21:03:54Z,2026-08-14T21:03:57Z,Yes,valid_no_signal,Yes,Yes,Yes,No,0,0,0,0,0,,Yes,Yes,[]
2026-08-14T21:52:21Z,2026-08-14T21:52:24Z,Yes,valid_no_signal,Yes,Yes,Yes,No,0,0,0,0,0,,Yes,Yes,[]
2026-08-14T22:07:35Z,2026-08-14T22:07:38Z,Yes,valid_no_signal,Yes,Yes,Yes,No,0,0,0,0,0,,Yes,Yes,[]
2026-08-14T22:42:41Z,2026-08-14T22:42:43Z,Yes,valid_no_signal,Yes,Yes,Yes,No,0,0,0,0,0,,Yes,Yes,[]
2026-08-14T23:01:42Z,2026-08-14T23:01:44Z,Yes,valid_no_signal,Yes,Yes,Yes,No,0,0,0,0,0,,Yes,Yes,[]
2026-08-14T23:28:45Z,2026-08-14T23:28:48Z,Yes,valid_no_signal,Yes,Yes,Yes,No,0,0,0,0,0,,Yes,Yes,[]
2026-08-14T23:50:17Z,2026-08-14T23:50:20Z,Yes,valid_no_signal,Yes,Yes,Yes,No,0,0,0,0,0,,Yes,Yes,[]
2026-08-15T00:02:26Z,2026-08-15T00:02:29Z,Yes,valid_no_signal,Yes,Yes,Yes,No,0,0,0,0,0,,Yes,Yes,[]
2026-08-15T01:42:42Z,2026-08-15T01:42:45Z,Yes,valid_no_signal,Yes,Yes,Yes,No,0,0,0,0,0,,Yes,Yes,[]
2026-08-15T02:39:03Z,2026-08-15T02:39:06Z,Yes,valid_no_signal,Yes,Yes,Yes,No,0,0,0,0,0,,Yes,Yes,[]
2026-08-15T03:24:31Z,2026-08-15T03:24:34Z,Yes,valid_no_signal,Yes,Yes,Yes,No,0,0,0,0,0,,Yes,Yes,[]
2026-08-15T04:05:33Z,2026-08-15T04:05:36Z,Yes,valid_no_signal,Yes,Yes,Yes,No,0,0,0,0,0,,Yes,Yes,[]
2026-08-15T04:40:28Z,2026-08-15T04:40:31Z,Yes,valid_no_signal,Yes,Yes,Yes,No,0,0,0,0,0,,Yes,Yes,[]
2026-08-15T05:04:22Z,2026-08-15T05:04:25Z,Yes,valid_no_signal,Yes,Yes,Yes,No,0,0,0,0,0,,Yes,Yes,[]
2026-08-15T05:33:37Z,2026-08-15T05:33:39Z,Yes,valid_no_signal,Yes,Yes,Yes,No,0,0,0,0,0,,Yes,Yes,[]
2026-08-15T05:53:54Z,2026-08-15T05:53:57Z,Yes,valid_no_signal,Yes,Yes,Yes,No,0,0,0,0,0,,Yes,Yes,[]
2026-08-15T06:50:56Z,2026-08-15T06:50:59Z,Yes,valid_no_signal,Yes,Yes,Yes,No,0,0,0,0,0,,Yes,Yes,[]
2026-08-15T07:17:55Z,2026-08-15T07:17:58Z,Yes,valid_no_signal,Yes,Yes,Yes,No,0,0,0,0,0,,Yes,Yes,[]
2026-08-15T07:45:40Z,2026-08-15T07:45:42Z,Yes,valid_no_signal,Yes,Yes,Yes,No,0,0,0,0,0,,Yes,Yes,[]
2026-08-15T08:01:45Z,2026-08-15T08:01:47Z,Yes,valid_no_signal,Yes,Yes,Yes,No,0,0,0,0,0,,Yes,Yes,[]
2026-08-15T08:37:50Z,2026-08-15T08:37:53Z,Yes,valid_no_signal,Yes,Yes,Yes,No,0,0,0,0,0,,Yes,Yes,[]
2026-08-15T09:03:52Z,2026-08-15T09:03:54Z,Yes,valid_no_signal,Yes,Yes,Yes,No,0,0,0,0,0,,Yes,Yes,[]
2026-08-15T09:34:09Z,2026-08-15T09:34:11Z,Yes,valid_no_signal,Yes,Yes,Yes,No,0,0,0,0,0,,Yes,Yes,[]
2026-08-15T09:52:09Z,2026-08-15T09:52:12Z,Yes,valid_no_signal,Yes,Yes,Yes,No,0,0,0,0,0,,Yes,Yes,[]
2026-08-15T10:06:27Z,2026-08-15T10:06:30Z,Yes,valid_no_signal,Yes,Yes,Yes,No,0,0,0,0,0,,Yes,Yes,[]
2026-08-15T10:33:48Z,2026-08-15T10:33:50Z,Yes,valid_no_signal,Yes,Yes,Yes,No,0,0,0,0,0,,Yes,Yes,[]
2026-08-15T10:51:20Z,2026-08-15T10:51:24Z,Yes,valid_no_signal,Yes,Yes,Yes,No,0,0,0,0,0,,Yes,Yes,[]
2026-08-15T11:27:28Z,2026-08-15T11:27:30Z,Yes,valid_no_signal,Yes,Yes,Yes,No,0,0,0,0,0,,Yes,Yes,[]
2026-08-15T11:48:16Z,2026-08-15T11:48:19Z,Yes,valid_no_signal,Yes,Yes,Yes,No,0,0,0,0,0,,Yes,Yes,[]
2026-08-15T11:59:10Z,2026-08-15T11:59:12Z,Yes,valid_no_signal,Yes,Yes,Yes,No,0,0,0,0,0,,Yes,Yes,[]
2026-08-15T12:52:16Z,2026-08-15T12:52:18Z,Yes,valid_no_signal,Yes,Yes,Yes,No,0,0,0,0,0,,Yes,Yes,[]
2026-08-15T13:19:32Z,2026-08-15T13:19:34Z,Yes,valid_no_signal,Yes,Yes,Yes,No,0,0,0,0,0,,Yes,Yes,[]
2026-08-15T13:46:15Z,2026-08-15T13:46:17Z,Yes,valid_no_signal,Yes,Yes,Yes,No,0,0,0,0,0,,Yes,Yes,[]
2026-08-15T14:01:06Z,2026-08-15T14:01:09Z,Yes,valid_no_signal,Yes,Yes,Yes,No,0,0,0,0,0,,Yes,Yes,[]
2026-08-15T14:30:19Z,2026-08-15T14:30:22Z,Yes,valid_no_signal,Yes,Yes,Yes,No,0,0,0,0,0,,Yes,Yes,[]
2026-08-15T14:51:07Z,2026-08-15T14:51:10Z,Yes,valid_no_signal,Yes,Yes,Yes,No,0,0,0,0,0,,Yes,Yes,[]
2026-08-15T15:01:57Z,2026-08-15T15:02:00Z,Yes,valid_no_signal,Yes,Yes,Yes,No,0,0,0,0,0,,Yes,Yes,[]
2026-08-15T15:28:30Z,2026-08-15T15:28:33Z,Yes,valid_no_signal,Yes,Yes,Yes,No,0,0,0,0,0,,Yes,Yes,[]
2026-08-15T15:48:35Z,2026-08-15T15:48:38Z,Yes,valid_no_signal,Yes,Yes,Yes,No,0,0,0,0,0,,Yes,Yes,[]
2026-08-15T15:59:44Z,2026-08-15T15:59:47Z,Yes,valid_no_signal,Yes,Yes,Yes,No,0,0,0,0,0,,Yes,Yes,[]
2026-08-15T16:33:13Z,2026-08-15T16:33:15Z,Yes,valid_no_signal,Yes,Yes,Yes,No,0,0,0,0,0,,Yes,Yes,[]
2026-08-15T16:53:03Z,2026-08-15T16:53:05Z,Yes,valid_no_signal,Yes,Yes,Yes,No,0,0,0,0,0,,Yes,Yes,[]
2026-08-15T17:26:48Z,2026-08-15T17:26:50Z,Yes,valid_no_signal,Yes,Yes,Yes,No,0,0,0,0,0,,Yes,Yes,[]
2026-08-15T17:49:12Z,2026-08-15T17:49:15Z,Yes,valid_no_signal,Yes,Yes,Yes,No,0,0,0,0,0,,Yes,Yes,[]
2026-08-15T17:59:35Z,2026-08-15T17:59:37Z,Yes,valid_no_signal,Yes,Yes,Yes,No,0,0,0,0,0,,Yes,Yes,[]
2026-08-15T18:39:30Z,2026-08-15T18:39:33Z,Yes,valid_no_signal,Yes,Yes,Yes,No,0,0,0,0,0,,Yes,Yes,[]
2026-08-15T19:05:52Z,2026-08-15T19:05:55Z,Yes,valid_no_signal,Yes,Yes,Yes,No,0,0,0,0,0,,Yes,Yes,[]
2026-08-15T19:47:36Z,2026-08-15T19:47:39Z,Yes,valid_no_signal,Yes,Yes,Yes,No,0,0,0,0,0,,Yes,Yes,[]
2026-08-15T19:58:23Z,2026-08-15T19:58:26Z,Yes,valid_no_signal,Yes,Yes,Yes,No,0,0,0,0,0,,Yes,Yes,[]
2026-08-15T20:31:25Z,2026-08-15T20:31:27Z,Yes,valid_no_signal,Yes,Yes,Yes,No,0,0,0,0,0,,Yes,Yes,[]
2026-08-15T20:50:13Z,2026-08-15T20:50:16Z,Yes,valid_no_signal,Yes,Yes,Yes,No,0,0,0,0,0,,Yes,Yes,[]
2026-08-15T21:02:15Z,2026-08-15T21:02:17Z,Yes,valid_no_signal,Yes,Yes,Yes,No,0,0,0,0,0,,Yes,Yes,[]
2026-08-15T21:28:12Z,2026-08-15T21:28:15Z,Yes,valid_no_signal,Yes,Yes,Yes,No,0,0,0,0,0,,Yes,Yes,[]
2026-08-15T21:59:21Z,2026-08-15T21:59:24Z,Yes,valid_no_signal,Yes,Yes,Yes,No,0,0,0,0,0,,Yes,Yes,[]
2026-08-15T22:30:06Z,2026-08-15T22:30:09Z,Yes,valid_no_signal,Yes,Yes,Yes,No,0,0,0,0,0,,Yes,Yes,[]
2026-08-15T22:50:40Z,2026-08-15T22:50:43Z,Yes,valid_no_signal,Yes,Yes,Yes,No,0,0,0,0,0,,Yes,Yes,[]
2026-08-15T23:01:11Z,2026-08-15T23:01:14Z,Yes,valid_no_signal,Yes,Yes,Yes,No,0,0,0,0,0,,Yes,Yes,[]
2026-08-15T23:27:20Z,2026-08-15T23:27:22Z,Yes,valid_no_signal,Yes,Yes,Yes,No,0,0,0,0,0,,Yes,Yes,[]
2026-08-15T23:48:12Z,2026-08-15T23:48:15Z,Yes,valid_no_signal,Yes,Yes,Yes,No,0,0,0,0,0,,Yes,Yes,[]
2026-08-15T23:58:49Z,2026-08-15T23:58:52Z,Yes,valid_no_signal,Yes,Yes,Yes,No,0,0,0,0,0,,Yes,Yes,[]
2026-08-16T01:50:49Z,2026-08-16T01:50:52Z,Yes,valid_no_signal,Yes,Yes,Yes,No,0,0,0,0,0,,Yes,Yes,[]
2026-08-16T02:47:27Z,2026-08-16T02:47:29Z,Yes,valid_no_signal,Yes,Yes,Yes,No,0,0,0,0,0,,Yes,Yes,[]
2026-08-16T03:33:35Z,2026-08-16T03:33:38Z,Yes,valid_no_signal,Yes,Yes,Yes,No,0,0,0,0,0,,Yes,Yes,[]
2026-08-16T04:10:26Z,2026-08-16T04:10:29Z,Yes,valid_no_signal,Yes,Yes,Yes,No,0,0,0,0,0,,Yes,Yes,[]
2026-08-16T04:51:34Z,2026-08-16T04:51:37Z,Yes,valid_no_signal,Yes,Yes,Yes,No,0,0,0,0,0,,Yes,Yes,[]
2026-08-16T05:14:22Z,2026-08-16T05:14:24Z,Yes,valid_no_signal,Yes,Yes,Yes,No,0,0,0,0,0,,Yes,Yes,[]
2026-08-16T05:45:42Z,2026-08-16T05:45:45Z,Yes,valid_no_signal,Yes,Yes,Yes,No,0,0,0,0,0,,Yes,Yes,[]
2026-08-16T06:03:24Z,2026-08-16T06:03:27Z,Yes,valid_no_signal,Yes,Yes,Yes,No,0,0,0,0,0,,Yes,Yes,[]
2026-08-16T06:53:06Z,2026-08-16T06:53:09Z,Yes,valid_no_signal,Yes,Yes,Yes,No,0,0,0,0,0,,Yes,Yes,[]
2026-08-16T07:37:36Z,2026-08-16T07:37:39Z,Yes,valid_no_signal,Yes,Yes,Yes,No,0,0,0,0,0,,Yes,Yes,[]
2026-08-16T08:02:04Z,2026-08-16T08:02:06Z,Yes,valid_no_signal,Yes,Yes,Yes,No,0,0,0,0,0,,Yes,Yes,[]
2026-08-16T09:44:37Z,2026-08-16T09:44:40Z,Yes,valid_no_signal,Yes,Yes,Yes,No,0,0,0,0,0,,Yes,Yes,[]
2026-08-16T10:01:23Z,2026-08-16T10:01:26Z,Yes,valid_no_signal,Yes,Yes,Yes,No,0,0,0,0,0,,Yes,Yes,[]
2026-08-16T10:30:48Z,2026-08-16T10:30:51Z,Yes,valid_no_signal,Yes,Yes,Yes,No,0,0,0,0,0,,Yes,Yes,[]
2026-08-16T10:50:56Z,2026-08-16T10:51:01Z,Yes,data_fetch_failed,Yes,No,No,No,0,0,0,0,0,,Yes,Yes,"[""binance connector initialized but no regime data was fetched""]"
2026-08-16T11:02:41Z,2026-08-16T11:02:44Z,Yes,valid_no_signal,Yes,Yes,Yes,No,0,0,0,0,0,,Yes,Yes,[]
2026-08-16T11:27:12Z,2026-08-16T11:27:14Z,Yes,valid_no_signal,Yes,Yes,Yes,No,0,0,0,0,0,,Yes,Yes,[]
2026-08-16T11:48:14Z,2026-08-16T11:48:16Z,Yes,valid_no_signal,Yes,Yes,Yes,No,0,0,0,0,0,,Yes,Yes,[]
2026-08-16T11:59:40Z,2026-08-16T11:59:42Z,Yes,valid_no_signal,Yes,Yes,Yes,No,0,0,0,0,0,,Yes,Yes,[]
2026-08-16T12:53:47Z,2026-08-16T12:53:49Z,Yes,valid_no_signal,Yes,Yes,Yes,No,0,0,0,0,0,,Yes,Yes,[]
2026-08-16T13:37:14Z,2026-08-16T13:37:16Z,Yes,valid_no_signal,Yes,Yes,Yes,No,0,0,0,0,0,,Yes,Yes,[]
2026-08-16T13:55:54Z,2026-08-16T13:55:56Z,Yes,valid_no_signal,Yes,Yes,Yes,No,0,0,0,0,0,,Yes,Yes,[]
2026-08-16T14:30:53Z,2026-08-16T14:30:55Z,Yes,valid_no_signal,Yes,Yes,Yes,No,0,0,0,0,0,,Yes,Yes,[]
2026-08-16T14:51:27Z,2026-08-16T14:51:30Z,Yes,valid_no_signal,Yes,Yes,Yes,No,0,0,0,0,0,,Yes,Yes,[]
2026-08-16T15:29:23Z,2026-08-16T15:29:25Z,Yes,valid_no_signal,Yes,Yes,Yes,No,0,0,0,0,0,,Yes,Yes,[]
2026-08-16T15:48:55Z,2026-08-16T15:48:59Z,Yes,valid_no_signal,Yes,Yes,Yes,No,0,0,0,0,0,,Yes,Yes,[]
2026-08-16T16:00:35Z,2026-08-16T16:00:37Z,Yes,valid_no_signal,Yes,Yes,Yes,No,0,0,0,0,0,,Yes,Yes,[]
2026-08-16T16:33:54Z,2026-08-16T16:33:56Z,Yes,valid_no_signal,Yes,Yes,Yes,No,0,0,0,0,0,,Yes,Yes,[]
2026-08-16T16:53:54Z,2026-08-16T16:53:57Z,Yes,valid_no_signal,Yes,Yes,Yes,No,0,0,0,0,0,,Yes,Yes,[]
2026-08-16T17:26:21Z,2026-08-16T17:26:24Z,Yes,valid_no_signal,Yes,Yes,Yes,No,0,0,0,0,0,,Yes,Yes,[]
2026-08-16T17:48:32Z,2026-08-16T17:48:35Z,Yes,valid_no_signal,Yes,Yes,Yes,No,0,0,0,0,0,,Yes,Yes,[]
2026-08-16T17:58:34Z,2026-08-16T17:58:37Z,Yes,valid_no_signal,Yes,Yes,Yes,No,0,0,0,0,0,,Yes,Yes,[]
2026-08-16T18:38:53Z,2026-08-16T18:38:56Z,Yes,valid_no_signal,Yes,Yes,Yes,No,0,0,0,0,0,,Yes,Yes,[]
2026-08-16T19:05:11Z,2026-08-16T19:05:13Z,Yes,valid_no_signal,Yes,Yes,Yes,No,0,0,0,0,0,,Yes,Yes,[]
2026-08-16T19:28:18Z,2026-08-16T19:28:21Z,Yes,valid_no_signal,Yes,Yes,Yes,No,0,0,0,0,0,,Yes,Yes,[]
2026-08-16T19:47:06Z,2026-08-16T19:47:08Z,Yes,valid_no_signal,Yes,Yes,Yes,No,0,0,0,0,0,,Yes,Yes,[]
2026-08-16T19:57:40Z,2026-08-16T19:57:43Z,Yes,valid_no_signal,Yes,Yes,Yes,No,0,0,0,0,0,,Yes,Yes,[]
2026-08-16T20:50:08Z,2026-08-16T20:50:11Z,Yes,valid_no_signal,Yes,Yes,Yes,No,0,0,0,0,0,,Yes,Yes,[]
2026-08-16T21:01:26Z,2026-08-16T21:01:31Z,Yes,valid_no_signal,Yes,Yes,Yes,No,0,0,0,0,0,,Yes,Yes,[]
2026-08-16T21:27:21Z,2026-08-16T21:27:24Z,Yes,valid_no_signal,Yes,Yes,Yes,No,0,0,0,0,0,,Yes,Yes,[]
2026-08-16T21:47:42Z,2026-08-16T21:47:44Z,Yes,valid_no_signal,Yes,Yes,Yes,No,0,0,0,0,0,,Yes,Yes,[]
2026-08-16T21:58:26Z,2026-08-16T21:58:29Z,Yes,valid_no_signal,Yes,Yes,Yes,No,0,0,0,0,0,,Yes,Yes,[]
2026-08-16T22:29:32Z,2026-08-16T22:29:36Z,Yes,valid_no_signal,Yes,Yes,Yes,No,0,0,0,0,0,,Yes,Yes,[]
2026-08-16T22:49:50Z,2026-08-16T22:49:52Z,Yes,valid_no_signal,Yes,Yes,Yes,No,0,0,0,0,0,,Yes,Yes,[]
2026-08-16T23:00:14Z,2026-08-16T23:00:16Z,Yes,valid_no_signal,Yes,Yes,Yes,No,0,0,0,0,0,,Yes,Yes,[]
2026-08-16T23:27:12Z,2026-08-16T23:27:15Z,Yes,valid_no_signal,Yes,Yes,Yes,No,0,0,0,0,0,,Yes,Yes,[]
2026-08-16T23:47:50Z,2026-08-16T23:47:52Z,Yes,valid_no_signal,Yes,Yes,Yes,No,0,0,0,0,0,,Yes,Yes,[]
2026-08-16T23:58:14Z,2026-08-16T23:58:17Z,Yes,valid_no_signal,Yes,Yes,Yes,No,0,0,0,0,0,,Yes,Yes,[]
2026-08-17T01:48:23Z,2026-08-17T01:48:26Z,Yes,valid_no_signal,Yes,Yes,Yes,No,0,0,0,0,0,,Yes,Yes,[]
2026-08-17T02:47:23Z,2026-08-17T02:47:25Z,Yes,valid_no_signal,Yes,Yes,Yes,No,0,0,0,0,0,,Yes,Yes,[]
2026-08-17T03:34:16Z,2026-08-17T03:34:18Z,Yes,valid_no_signal,Yes,Yes,Yes,No,0,0,0,0,0,,Yes,Yes,[]
2026-08-17T04:21:16Z,2026-08-17T04:21:18Z,Yes,valid_no_signal,Yes,Yes,Yes,No,0,0,0,0,0,,Yes,Yes,[]
2026-08-17T05:01:55Z,2026-08-17T05:01:58Z,Yes,valid_no_signal,Yes,Yes,Yes,No,0,0,0,0,0,,Yes,Yes,[]
2026-08-17T05:41:11Z,2026-08-17T05:41:14Z,Yes,valid_no_signal,Yes,Yes,Yes,No,0,0,0,0,0,,Yes,Yes,[]
2026-08-17T06:21:12Z,2026-08-17T06:21:14Z,Yes,valid_no_signal,Yes,Yes,Yes,No,0,0,0,0,0,,Yes,Yes,[]
2026-08-17T07:26:58Z,2026-08-17T07:27:00Z,Yes,valid_no_signal,Yes,Yes,Yes,No,0,0,0,0,0,,Yes,Yes,[]
2026-08-17T08:08:57Z,2026-08-17T08:09:00Z,Yes,valid_no_signal,Yes,Yes,Yes,No,0,0,0,0,0,,Yes,Yes,[]
2026-08-17T09:02:42Z,2026-08-17T09:02:45Z,Yes,valid_no_signal,Yes,Yes,Yes,No,0,0,0,0,0,,Yes,Yes,[]
2026-08-17T09:51:42Z,2026-08-17T09:51:45Z,Yes,valid_no_signal,Yes,Yes,Yes,No,0,0,0,0,0,,Yes,Yes,[]
2026-08-17T10:16:53Z,2026-08-17T10:16:55Z,Yes,valid_no_signal,Yes,Yes,Yes,No,0,0,0,0,0,,Yes,Yes,[]
2026-08-17T10:49:20Z,2026-08-17T10:49:22Z,Yes,valid_no_signal,Yes,Yes,Yes,No,0,0,0,0,0,,Yes,Yes,[]
2026-08-17T11:10:21Z,2026-08-17T11:10:24Z,Yes,valid_no_signal,Yes,Yes,Yes,No,0,0,0,0,0,,Yes,Yes,[]
2026-08-17T11:43:28Z,2026-08-17T11:43:30Z,Yes,valid_no_signal,Yes,Yes,Yes,No,0,0,0,0,0,,Yes,Yes,[]
2026-08-17T12:01:17Z,2026-08-17T12:01:20Z,Yes,valid_no_signal,Yes,Yes,Yes,No,0,0,0,0,0,,Yes,Yes,[]
2026-08-17T12:58:20Z,2026-08-17T12:58:22Z,Yes,valid_no_signal,Yes,Yes,Yes,No,0,0,0,0,0,,Yes,Yes,[]
2026-08-17T13:44:22Z,2026-08-17T13:44:24Z,Yes,valid_no_signal,Yes,Yes,Yes,No,0,0,0,0,0,,Yes,Yes,[]
2026-08-17T14:11:27Z,2026-08-17T14:11:29Z,Yes,valid_no_signal,Yes,Yes,Yes,No,0,0,0,0,0,,Yes,Yes,[]
2026-08-17T14:47:05Z,2026-08-17T14:47:08Z,Yes,valid_no_signal,Yes,Yes,Yes,No,0,0,0,0,0,,Yes,Yes,[]
2026-08-17T15:04:16Z,2026-08-17T15:04:18Z,Yes,valid_no_signal,Yes,Yes,Yes,No,0,0,0,0,0,,Yes,Yes,[]
2026-08-17T15:33:11Z,2026-08-17T15:33:13Z,Yes,valid_no_signal,Yes,Yes,Yes,No,0,0,0,0,0,,Yes,Yes,[]
2026-08-17T15:52:00Z,2026-08-17T15:52:02Z,Yes,valid_no_signal,Yes,Yes,Yes,No,0,0,0,0,0,,Yes,Yes,[]
2026-08-17T16:09:52Z,2026-08-17T16:09:54Z,Yes,valid_no_signal,Yes,Yes,Yes,No,0,0,0,0,0,,Yes,Yes,[]
2026-08-17T16:48:22Z,2026-08-17T16:48:24Z,Yes,valid_no_signal,Yes,Yes,Yes,No,0,0,0,0,0,,Yes,Yes,[]
2026-08-17T17:46:49Z,2026-08-17T17:46:52Z,Yes,valid_no_signal,Yes,Yes,Yes,No,0,0,0,0,0,,Yes,Yes,[]
2026-08-17T18:13:54Z,2026-08-17T18:13:56Z,Yes,valid_no_signal,Yes,Yes,Yes,No,0,0,0,0,0,,Yes,Yes,[]
2026-08-17T18:59:43Z,2026-08-17T18:59:46Z,Yes,valid_no_signal,Yes,Yes,Yes,No,0,0,0,0,0,,Yes,Yes,[]
2026-08-17T19:34:15Z,2026-08-17T19:34:18Z,Yes,valid_no_signal,Yes,Yes,Yes,No,0,0,0,0,0,,Yes,Yes,[]
2026-08-17T19:53:58Z,2026-08-17T19:54:00Z,Yes,valid_no_signal,Yes,Yes,Yes,No,0,0,0,0,0,,Yes,Yes,[]
2026-08-17T20:34:43Z,2026-08-17T20:34:45Z,Yes,valid_no_signal,Yes,Yes,Yes,No,0,0,0,0,0,,Yes,Yes,[]
2026-08-17T20:57:08Z,2026-08-17T20:57:11Z,Yes,valid_no_signal,Yes,Yes,Yes,No,0,0,0,0,0,,Yes,Yes,[]
2026-08-17T21:32:37Z,2026-08-17T21:32:40Z,Yes,valid_no_signal,Yes,Yes,Yes,No,0,0,0,0,0,,Yes,Yes,[]
2026-08-17T21:52:25Z,2026-08-17T21:52:27Z,Yes,valid_no_signal,Yes,Yes,Yes,No,0,0,0,0,0,,Yes,Yes,[]
2026-08-17T22:08:45Z,2026-08-17T22:08:47Z,Yes,valid_no_signal,Yes,Yes,Yes,No,0,0,0,0,0,,Yes,Yes,[]
2026-08-17T22:43:45Z,2026-08-17T22:43:47Z,Yes,valid_no_signal,Yes,Yes,Yes,No,0,0,0,0,0,,Yes,Yes,[]
2026-08-17T23:01:26Z,2026-08-17T23:01:28Z,Yes,valid_no_signal,Yes,Yes,Yes,No,0,0,0,0,0,,Yes,Yes,[]
2026-08-17T23:49:21Z,2026-08-17T23:49:23Z,Yes,valid_no_signal,Yes,Yes,Yes,No,0,0,0,0,0,,Yes,Yes,[]
2026-08-18T00:01:26Z,2026-08-18T00:01:29Z,Yes,valid_no_signal,Yes,Yes,Yes,No,0,0,0,0,0,,Yes,Yes,[]
2026-08-18T01:43:01Z,2026-08-18T01:43:04Z,Yes,valid_no_signal,Yes,Yes,Yes,No,0,0,0,0,0,,Yes,Yes,[]
2026-08-18T02:42:21Z,2026-08-18T02:42:24Z,Yes,valid_no_signal,Yes,Yes,Yes,No,0,0,0,0,0,,Yes,Yes,[]
2026-08-18T03:29:06Z,2026-08-18T03:29:09Z,Yes,valid_no_signal,Yes,Yes,Yes,No,0,0,0,0,0,,Yes,Yes,[]
2026-08-18T04:09:52Z,2026-08-18T04:09:55Z,Yes,valid_no_signal,Yes,Yes,Yes,No,0,0,0,0,0,,Yes,Yes,[]
2026-08-18T05:36:22Z,2026-08-18T05:36:25Z,Yes,valid_no_signal,Yes,Yes,Yes,No,0,0,0,0,0,,Yes,Yes,[]
2026-08-18T05:58:26Z,2026-08-18T05:58:29Z,Yes,valid_no_signal,Yes,Yes,Yes,No,0,0,0,0,0,,Yes,Yes,[]
2026-08-18T06:56:16Z,2026-08-18T06:56:18Z,Yes,valid_no_signal,Yes,Yes,Yes,No,0,0,0,0,0,,Yes,Yes,[]
2026-08-18T07:45:23Z,2026-08-18T07:45:25Z,Yes,valid_no_signal,Yes,Yes,Yes,No,0,0,0,0,0,,Yes,Yes,[]
2026-08-18T08:15:53Z,2026-08-18T08:15:56Z,Yes,valid_no_signal,Yes,Yes,Yes,No,0,0,0,0,0,,Yes,Yes,[]
2026-08-18T08:54:58Z,2026-08-18T08:55:01Z,Yes,valid_no_signal,Yes,Yes,Yes,No,0,0,0,0,0,,Yes,Yes,[]
2026-08-18T09:40:45Z,2026-08-18T09:40:48Z,Yes,valid_no_signal,Yes,Yes,Yes,No,0,0,0,0,0,,Yes,Yes,[]
2026-08-18T10:05:33Z,2026-08-18T10:05:36Z,Yes,valid_no_signal,Yes,Yes,Yes,No,0,0,0,0,0,,Yes,Yes,[]
2026-08-18T10:39:34Z,2026-08-18T10:39:37Z,Yes,valid_no_signal,Yes,Yes,Yes,No,0,0,0,0,0,,Yes,Yes,[]
2026-08-18T11:04:53Z,2026-08-18T11:04:58Z,Yes,valid_no_signal,Yes,Yes,Yes,No,0,0,0,0,0,,Yes,Yes,[]
2026-08-18T11:34:30Z,2026-08-18T11:34:32Z,Yes,valid_no_signal,Yes,Yes,Yes,No,0,0,0,0,0,,Yes,Yes,[]
2026-08-18T11:53:55Z,2026-08-18T11:53:57Z,Yes,valid_no_signal,Yes,Yes,Yes,No,0,0,0,0,0,,Yes,Yes,[]
2026-08-18T13:00:16Z,2026-08-18T13:00:18Z,Yes,valid_no_signal,Yes,Yes,Yes,No,0,0,0,0,0,,Yes,Yes,[]
2026-08-18T13:48:38Z,2026-08-18T13:48:40Z,Yes,valid_no_signal,Yes,Yes,Yes,No,0,0,0,0,0,,Yes,Yes,[]
2026-08-18T14:17:21Z,2026-08-18T14:17:24Z,Yes,valid_no_signal,Yes,Yes,Yes,No,0,0,0,0,0,,Yes,Yes,[]
2026-08-18T14:53:57Z,2026-08-18T14:54:00Z,Yes,valid_no_signal,Yes,Yes,Yes,No,0,0,0,0,0,,Yes,Yes,[]
2026-08-18T15:38:49Z,2026-08-18T15:38:52Z,Yes,valid_no_signal,Yes,Yes,Yes,No,0,0,0,0,0,,Yes,Yes,[]
2026-08-18T16:04:09Z,2026-08-18T16:04:12Z,Yes,valid_no_signal,Yes,Yes,Yes,No,0,0,0,0,0,,Yes,Yes,[]
2026-08-18T16:41:11Z,2026-08-18T16:41:13Z,Yes,valid_no_signal,Yes,Yes,Yes,No,0,0,0,0,0,,Yes,Yes,[]
2026-08-18T17:10:48Z,2026-08-18T17:10:53Z,Yes,valid_no_signal,Yes,Yes,Yes,No,0,0,0,0,0,,Yes,Yes,[]
2026-08-18T17:46:09Z,2026-08-18T17:46:11Z,Yes,valid_no_signal,Yes,Yes,Yes,No,0,0,0,0,0,,Yes,Yes,[]
2026-08-18T18:04:16Z,2026-08-18T18:04:19Z,Yes,valid_no_signal,Yes,Yes,Yes,No,0,0,0,0,0,,Yes,Yes,[]
2026-08-18T18:50:29Z,2026-08-18T18:50:34Z,Yes,valid_no_signal,Yes,Yes,Yes,No,0,0,0,0,0,,Yes,Yes,[]
2026-08-18T19:17:24Z,2026-08-18T19:17:26Z,Yes,valid_no_signal,Yes,Yes,Yes,No,0,0,0,0,0,,Yes,Yes,[]
2026-08-18T19:42:20Z,2026-08-18T19:42:22Z,Yes,valid_no_signal,Yes,Yes,Yes,No,0,0,0,0,0,,Yes,Yes,[]
2026-08-18T20:00:06Z,2026-08-18T20:00:08Z,Yes,valid_no_signal,Yes,Yes,Yes,No,0,0,0,0,0,,Yes,Yes,[]
2026-08-18T20:52:19Z,2026-08-18T20:52:21Z,Yes,valid_no_signal,Yes,Yes,Yes,No,0,0,0,0,0,,Yes,Yes,[]
2026-08-18T21:09:46Z,2026-08-18T21:09:48Z,Yes,valid_no_signal,Yes,Yes,Yes,No,0,0,0,0,0,,Yes,Yes,[]
2026-08-18T21:40:51Z,2026-08-18T21:40:53Z,Yes,valid_no_signal,Yes,Yes,Yes,No,0,0,0,0,0,,Yes,Yes,[]
2026-08-18T22:00:16Z,2026-08-18T22:00:18Z,Yes,valid_no_signal,Yes,Yes,Yes,No,0,0,0,0,0,,Yes,Yes,[]
2026-08-18T22:31:51Z,2026-08-18T22:31:54Z,Yes,valid_no_signal,Yes,Yes,Yes,No,0,0,0,0,0,,Yes,Yes,[]
2026-08-18T22:53:11Z,2026-08-18T22:53:14Z,Yes,valid_no_signal,Yes,Yes,Yes,No,0,0,0,0,0,,Yes,Yes,[]
2026-08-18T23:29:07Z,2026-08-18T23:29:09Z,Yes,valid_no_signal,Yes,Yes,Yes,No,0,0,0,0,0,,Yes,Yes,[]
2026-08-18T23:49:39Z,2026-08-18T23:49:43Z,Yes,valid_no_signal,Yes,Yes,Yes,No,0,0,0,0,0,,Yes,Yes,[]
2026-08-19T00:01:02Z,2026-08-19T00:01:05Z,Yes,valid_no_signal,Yes,Yes,Yes,No,0,0,0,0,0,,Yes,Yes,[]
2026-08-19T01:45:06Z,2026-08-19T01:45:09Z,Yes,valid_no_signal,Yes,Yes,Yes,No,0,0,0,0,0,,Yes,Yes,[]
2026-08-19T02:44:15Z,2026-08-19T02:44:17Z,Yes,valid_no_signal,Yes,Yes,Yes,No,0,0,0,0,0,,Yes,Yes,[]
2026-08-19T03:31:14Z,2026-08-19T03:31:16Z,Yes,valid_no_signal,Yes,Yes,Yes,No,0,0,0,0,0,,Yes,Yes,[]
2026-08-19T04:10:14Z,2026-08-19T04:10:19Z,Yes,valid_no_signal,Yes,Yes,Yes,No,0,0,0,0,0,,Yes,Yes,[]
2026-08-19T04:53:59Z,2026-08-19T04:54:01Z,Yes,valid_no_signal,Yes,Yes,Yes,No,0,0,0,0,0,,Yes,Yes,[]
2026-08-19T05:38:05Z,2026-08-19T05:38:08Z,Yes,valid_no_signal,Yes,Yes,Yes,No,0,0,0,0,0,,Yes,Yes,[]
2026-08-19T06:16:33Z,2026-08-19T06:16:36Z,Yes,valid_no_signal,Yes,Yes,Yes,No,0,0,0,0,0,,Yes,Yes,[]
2026-08-19T07:07:52Z,2026-08-19T07:07:55Z,Yes,valid_no_signal,Yes,Yes,Yes,No,0,0,0,0,0,,Yes,Yes,[]
2026-08-19T07:55:57Z,2026-08-19T07:56:00Z,Yes,valid_no_signal,Yes,Yes,Yes,No,0,0,0,0,0,,Yes,Yes,[]
2026-08-19T08:47:51Z,2026-08-19T08:47:53Z,Yes,valid_no_signal,Yes,Yes,Yes,No,0,0,0,0,0,,Yes,Yes,[]
2026-08-19T09:17:14Z,2026-08-19T09:17:16Z,Yes,valid_no_signal,Yes,Yes,Yes,No,0,0,0,0,0,,Yes,Yes,[]
2026-08-19T09:51:10Z,2026-08-19T09:51:13Z,Yes,valid_no_signal,Yes,Yes,Yes,No,0,0,0,0,0,,Yes,Yes,[]
2026-08-19T10:12:34Z,2026-08-19T10:12:37Z,Yes,valid_no_signal,Yes,Yes,Yes,No,0,0,0,0,0,,Yes,Yes,[]
2026-08-19T10:47:59Z,2026-08-19T10:48:03Z,Yes,valid_no_signal,Yes,Yes,Yes,No,0,0,0,0,0,,Yes,Yes,[]
2026-08-19T11:33:43Z,2026-08-19T11:33:45Z,Yes,valid_no_signal,Yes,Yes,Yes,No,0,0,0,0,0,,Yes,Yes,[]
2026-08-19T11:53:30Z,2026-08-19T11:53:33Z,Yes,valid_no_signal,Yes,Yes,Yes,No,0,0,0,0,0,,Yes,Yes,[]
2026-08-19T13:01:07Z,2026-08-19T13:01:11Z,Yes,valid_no_signal,Yes,Yes,Yes,No,0,0,0,0,0,,Yes,Yes,[]
2026-08-19T14:18:34Z,2026-08-19T14:18:36Z,Yes,valid_no_signal,Yes,Yes,Yes,No,0,0,0,0,0,,Yes,Yes,[]
2026-08-19T14:55:03Z,2026-08-19T14:55:06Z,Yes,valid_no_signal,Yes,Yes,Yes,No,0,0,0,0,0,,Yes,Yes,[]
2026-08-19T15:38:42Z,2026-08-19T15:38:45Z,Yes,valid_no_signal,Yes,Yes,Yes,No,0,0,0,0,0,,Yes,Yes,[]
2026-08-19T16:10:38Z,2026-08-19T16:10:40Z,Yes,valid_no_signal,Yes,Yes,Yes,No,0,0,0,0,0,,Yes,Yes,[]
2026-08-19T16:49:05Z,2026-08-19T16:49:09Z,Yes,valid_no_signal,Yes,Yes,Yes,No,0,0,0,0,0,,Yes,Yes,[]
2026-08-19T17:10:53Z,2026-08-19T17:10:55Z,Yes,valid_no_signal,Yes,Yes,Yes,No,0,0,0,0,0,,Yes,Yes,[]
2026-08-19T17:43:12Z,2026-08-19T17:43:14Z,Yes,valid_no_signal,Yes,Yes,Yes,No,0,0,0,0,0,,Yes,Yes,[]
2026-08-19T18:01:20Z,2026-08-19T18:01:24Z,Yes,valid_no_signal,Yes,Yes,Yes,No,0,0,0,0,0,,Yes,Yes,[]
2026-08-19T19:11:36Z,2026-08-19T19:11:38Z,Yes,valid_no_signal,Yes,Yes,Yes,No,0,0,0,0,0,,Yes,Yes,[]
2026-08-19T19:41:58Z,2026-08-19T19:42:03Z,Yes,valid_no_signal,Yes,Yes,Yes,No,0,0,0,0,0,,Yes,Yes,[]
2026-08-19T20:01:21Z,2026-08-19T20:01:24Z,Yes,valid_no_signal,Yes,Yes,Yes,No,0,0,0,0,0,,Yes,Yes,[]
2026-08-19T21:32:42Z,2026-08-19T21:32:44Z,Yes,valid_no_signal,Yes,Yes,Yes,No,0,0,0,0,0,,Yes,Yes,[]
2026-08-19T22:53:10Z,2026-08-19T22:53:12Z,Yes,valid_no_signal,Yes,Yes,Yes,No,0,0,0,0,0,,Yes,Yes,[]
2026-08-19T23:29:30Z,2026-08-19T23:29:35Z,Yes,valid_no_signal,Yes,Yes,Yes,No,0,0,0,0,0,,Yes,Yes,[]
2026-08-19T23:50:00Z,2026-08-19T23:50:02Z,Yes,valid_no_signal,Yes,Yes,Yes,No,0,0,0,0,0,,Yes,Yes,[]
